-- phpMyAdmin SQL Dump
-- version 3.3.9
-- http://www.phpmyadmin.net
--
-- Host: localhost
-- Generation Time: May 04, 2017 at 07:50 AM
-- Server version: 5.1.53
-- PHP Version: 5.3.4

SET SQL_MODE="NO_AUTO_VALUE_ON_ZERO";


/*!40101 SET @OLD_CHARACTER_SET_CLIENT=@@CHARACTER_SET_CLIENT */;
/*!40101 SET @OLD_CHARACTER_SET_RESULTS=@@CHARACTER_SET_RESULTS */;
/*!40101 SET @OLD_COLLATION_CONNECTION=@@COLLATION_CONNECTION */;
/*!40101 SET NAMES utf8 */;

--
-- Database: `clotheup`
--

-- --------------------------------------------------------

--
-- Table structure for table `dataset`
--

CREATE TABLE IF NOT EXISTS `dataset` (
  `Username` varchar(37) DEFAULT NULL,
  `Fname` varchar(12) DEFAULT NULL,
  `Lname` varchar(11) DEFAULT NULL,
  `Gender` varchar(6) DEFAULT NULL,
  `Budget` varchar(41) DEFAULT NULL,
  `Season` varchar(36) DEFAULT NULL,
  `Occasion` varchar(18) DEFAULT NULL,
  `Top` varchar(58) DEFAULT NULL,
  `Top_colour` varchar(39) DEFAULT NULL,
  `Bottom` varchar(62) DEFAULT NULL,
  `Bottom_colour` varchar(42) DEFAULT NULL,
  `Body_type` varchar(33) DEFAULT NULL,
  `Hair` varchar(25) DEFAULT NULL,
  `skin` varchar(15) DEFAULT NULL
) ENGINE=MyISAM DEFAULT CHARSET=utf8;

--
-- Dumping data for table `dataset`
--

INSERT INTO `dataset` (`Username`, `Fname`, `Lname`, `Gender`, `Budget`, `Season`, `Occasion`, `Top`, `Top_colour`, `Bottom`, `Bottom_colour`, `Body_type`, `Hair`, `skin`) VALUES
('satyam.mongia21@gmail.com', 'satyam', 'mongia', 'male', '$$$', 'Winter', 'Casual', 'Half Shirt', 'Black', 'Jeans', 'Blue', 'Rectangle', 'Brown', 'Wheatish'),
('satyam.mongia21@gmail.com', 'satyam', 'mongia', 'male', '$$$', 'Winter', 'Casual', 'Half Shirt', 'Black', 'Jeans', 'Blue', 'Rectangle', 'Brown', 'Wheatish'),
('satyam.mongia21@gmail.com', 'satyam', 'mongia', 'male', '$$$', 'Summer', 'Casual', 'Half Shirt', 'Black', 'Jeans', 'Blue', 'Rectangle', 'Brown', 'Wheatish'),
('ayushman264@gmail.com', 'Ayushmaan', 'Mittal', 'Male', '$$$', 'Summer', 'Casual', 'Full Tshirt', 'Black', 'Jeans', 'Blue', 'Rectangle', 'Black', 'Wheatish'),
('vaibhav.s2196@gmail.com', 'Vaibhav', 'Sharma', 'Male', '$$$', 'Winter', 'Office', 'Full Tshirt', 'Black', 'Jeans', 'Blue', 'Rectangle', 'Black', 'Wheatish'),
('Nitinthakur5654@gmail.com', 'Nitin', 'Thakur', 'Male', '$$', 'Winter', 'Casual', 'Half Shirt', 'Blue', 'Jeans', 'Blue', 'Oval', 'Black', 'Fair'),
('ankur.shishodia688@gmail.com', 'Ankur', 'Shishodia', 'Male', '?', 'Winter', 'Office', 'Full Shirt', 'Blue', 'Jeans', 'Black', 'Inverted triangle', 'Black', 'Fair'),
('smahendru101@gmail.com', 'Shivam', 'Mahendru', 'Male', '$$', 'Summer', 'Casual', 'Half Tshirt', 'Black', 'Pyjama', 'Black', 'Inverted triangle', 'Black', 'Wheatish'),
('shaillyfastfive13@gmail.com', 'shailly', 'gupta', 'Female', '$', 'Summer', 'Casual', 'Jacket', 'White', 'Shorts', 'Blue', 'Trapezoid', 'Black', 'Wheatish'),
('manvi.trehan@yahoo.com', 'manvi', 'trehan', 'Female', '$', 'Summer', 'Casual', 'Half Shirt', 'Black', 'Jeans', 'Black', 'Trapezoid', 'Black', 'Wheatish'),
('akshayupreti09@gmail.com', 'Akshay', 'Upreti', 'Male', '$$', 'Summer', 'Casual', 'Half Tshirt', 'Blue', 'Jeans', 'Blue', 'Rectangle', 'Black', 'Dark'),
('1shusingh123@gmail.com', 'Krishna', 'Singh', 'Male', '$$$', 'Summer', 'Wedding', 'Kurta', 'Blue', 'Pyjama', 'Black', 'Oval', 'Black', 'Fair'),
('sandeepsingh211097@gmail.com', 'Sandeep ', 'Singh', 'Male', '$$', 'Winter', 'Party', 'Jacket', 'Black', 'Pant', 'Grey', 'Rectangle', 'Black', 'Fair'),
('souravaswal07@gmail.com', 'Sourav', 'Aswal', 'Male', '$', 'Summer', 'Casual', 'Half Tshirt', 'Black', 'Jeans', 'Blue', 'Inverted triangle', 'Black', 'Wheatish'),
('jiit.yashjoshi@gmail.com', 'Yash', 'Joshi', 'Male', '$$$', 'Summer', 'Casual', 'Half Tshirt', 'Blue', 'Jeans', 'Black', 'Inverted triangle', 'Black', 'Wheatish'),
('ssshivamsingh4@gmail.com', 'Shivam', 'Singh', 'Male', '$$', 'Summer', 'Casual', 'Full Shirt', 'Black', 'Jeans', 'Blue', 'Trapezoid', 'Black', 'Wheatish'),
('Shrutikohli11@gmail.com', 'Shruti ', 'Kohli ', 'Female', '$', 'Summer', 'Casual', 'Half Tshirt', 'Blue', 'Jeans', 'Black', 'Oval', 'Black', 'Wheatish'),
('arushig11@gmail.com', 'Arushi', 'Gupta', 'Female', '$$', 'Summer', 'Casual', 'Full Tshirt', 'Black', 'Jeans', 'Blue', 'Triangle', 'Brown', 'Fair'),
('akanksharya2181996@gmail.com', 'Akanksha', 'Arya', 'Female', '$$$', 'Summer', 'Casual', 'Half Tshirt', 'Black', 'Jeans', 'Blue', 'Triangle', 'Black', 'Fair'),
('racerranger@gmail.com', 'Dhruv', 'Raghav', 'Male', '$', 'Summer', 'Casual', 'Half Tshirt', 'Black', 'Jeans', 'Grey', 'Rectangle', 'Brown', 'Wheatish'),
('isha11bansal@gmail.com', 'Isha', 'Bansal', 'Female', '$$', 'Summer', 'Casual', 'Half Tshirt', 'Black', 'Jeans', 'Black', 'Trapezoid', 'Black', 'Wheatish'),
('sundeepgupta76@gmail.com', 'Sundeep', 'Gupta', 'Male', '$', 'Summer', 'Wedding', 'Coat', 'Black', 'Pant', 'Black', 'Inverted triangle', 'Black', 'Fair'),
('saurabh.cse.msit@gmail.com', 'Saurabh', 'Gupta', 'Male', '$', 'Summer', 'Casual', 'Full Shirt', 'Blue', 'Pant', 'Grey', 'Rectangle', 'Black', 'Fair'),
('shahrukhanwar2013@gmail.com', 'Shahrukh', 'Anwar', 'Male', '$', 'Summer', 'Casual', 'Full Shirt', 'Black', 'Pant', 'Black', 'Rectangle', 'Black', 'Wheatish'),
('shubham0819@gmail.com', 'Shubham', 'Kumar', 'Male', '$$', 'Summer', 'Casual', 'Full Shirt', 'Blue', 'Jeans', 'Blue', 'Rectangle', 'Black', 'Fair'),
('dashingakaul123@gmail.com', 'Arjun', 'Kaul', 'Male', '$$', 'Winter', 'Wedding', 'Full Shirt', 'Blue', 'Jeans', 'Blue', 'Rectangle', 'Black', 'Fair'),
('kharbanda.manan2000@gmail.com', 'Manan', 'Kharbanda', 'Male', '?', 'Summer', 'Party', 'Coat', 'Blue', 'Pant', 'Black', 'Oval', 'Black', 'Fair'),
('tanyatyagi028@gmail.com', 'Tanya', 'Tyagi', 'Female', '$$', 'Summer', 'Party', 'Coat', 'Black', 'Jeans', 'Black', 'Rectangle', 'Brown', 'Wheatish'),
('parmeetsingh_250@yahoo.com', 'Parmeet', 'Singh', 'Male', '$$', 'Summer', 'Casual', 'Full Shirt', 'Black', 'Jeans', 'Blue', 'Trapezoid', 'Brown', 'Fair'),
('yukti0607@gmail.com', 'Yukti', 'Joshi', 'Female', '$', 'Summer', 'Office', 'Jacket', 'Blue', 'Pant', 'Grey', 'Rectangle', 'Black', 'Fair'),
('anahatguron@gmail.com', 'Anahat', 'Guron', 'Female', '?', 'Summer', 'Casual', 'Kurta', 'White', 'Pant', 'Black', 'Trapezoid', 'Black', 'Wheatish'),
('divyamgoel2000@gmail.com', 'Divyam', 'Goel', 'Male', '$$$', 'Summer', 'Casual', 'Full Shirt', 'Black', 'Jeans', 'Blue', 'Trapezoid', 'Black', 'Fair'),
('yash@joshi.com', 'Yash', 'Joshi', 'Female', '?', 'Summer', 'Wedding', 'Jacket', 'Pink', 'Shorts', 'Grey', 'Oval', 'Blonde', 'Dark'),
('kanika.gpta@gmail.com', 'Kanika', 'Gupta', 'Female', '?', 'Summer', 'Casual', 'Half Tshirt', 'White', 'Jeans', 'Blue', 'Rectangle', 'Black', 'Wheatish'),
('pallavikumar82@gmail.com', 'Pallavi', 'Kumar', 'Female', '?', 'Summer', 'Party', 'Half Tshirt', 'Pink', 'Jeans', 'Blue', 'Trapezoid', 'Black', 'Fair'),
('pantpratyush96@gmail.com', 'Pratyush', 'Pant', 'Male', '$$', 'Summer', 'Casual', 'Full Shirt', 'Black', 'Jeans', 'Grey', 'Oval', 'Black', 'Fair'),
('vermaaman3009@gmail.com', 'Aman', 'Verma', 'Male', '$$', 'Summer', 'Casual', 'Half Tshirt', 'Blue', 'Jeans', 'Blue', 'Triangle', 'Black', 'Fair'),
('24mahakgupta@gmail.com', 'Mahak', 'Gupta', 'Female', '?', 'Summer', 'Casual', 'Kurta', 'Blue', 'Jeans', 'Grey', 'Rectangle', 'Black', 'Wheatish'),
('adi.chauhan17@gmail.com', 'Aditya', 'Chauhan', 'Male', '$$', 'Summer', 'Party', 'Full Shirt', 'White', 'Jeans', 'Blue', 'Inverted triangle', 'Black', 'Wheatish'),
('chetanbhatt175@gmail.com', 'Chetan', 'Bhatt', 'Male', '$$', 'Summer', 'Casual', 'Half Tshirt', 'Black', 'Shorts', 'Black', 'Rectangle', 'Black', 'Fair'),
('muskan.joshi1996@gmail.com', 'Muskan', 'Joshi', 'Female', '$$', 'Summer', 'Casual', 'Half Tshirt', 'White', 'Shorts', 'Blue', 'Trapezoid', 'Black', 'Fair'),
('divyamgoel2000@gmail.com', 'Divyam', 'Goel', 'Male', '$$$', 'Summer', 'Party', 'Full Shirt', 'Red', 'Pant', 'Black', 'Rectangle', 'Black', 'Dark'),
('rijakhora92@gmail.com', 'Rijak', 'Hora', 'Male', '$$', 'Summer', 'Casual', 'Half Tshirt', 'Blue', 'Jeans', 'Blue', 'Rectangle', 'Black', 'Wheatish'),
('htyagi209@gmail.com', 'Harshit', 'Tyagi', 'Male', '$$', 'Summer', 'Party', 'Full Shirt', 'Black', 'Jeans', 'Blue', 'Trapezoid', 'Black', 'Fair'),
('mayank691@gmail.com', 'Mayank', 'Chaturvedi', 'Male', '$$', 'Summer', 'Party', 'Full Shirt', 'Black', 'Pant', 'Brown', 'Rectangle', 'Brown', 'Fair'),
('harshisinghal.hs@gmail.com', 'Harshi', 'Singhal', 'Female', '$$', 'Summer', 'Casual', 'Half Shirt', 'White', 'Jeans', 'Black', 'Oval', 'Black', 'Fair'),
('saumyajain34@gmail.com', 'saumya', 'jain', 'Female', '$$', 'Summer', 'Casual', 'Half Tshirt', 'Black', 'Shorts', 'Blue', 'Trapezoid', 'Brown', 'Fair'),
('radhikaarora1505@gmail.com', 'radhika', 'arora', 'Female', '?', 'Summer', 'Party', 'Half Tshirt', 'Black', 'Shorts', 'Brown', 'Inverted triangle', 'Black', 'Fair'),
('dipesh.chaudhary657@gmail.com', 'Dipesh', 'Chaudhary', 'Male', '?', 'Summer', 'Casual', 'Half Tshirt', 'Blue', 'Shorts', 'Grey', 'Trapezoid', 'Black', 'Fair'),
('sahugarima095@gmail.com', 'Garima', 'Sahu', 'Female', '$$$', 'Summer', 'Casual', 'Half Tshirt', 'Black', 'Jeans', 'Blue', 'Trapezoid', 'Black', 'Wheatish'),
('sanskritichhibber1998@gmail.com', 'Sanskriti', 'Chhibber', 'Female', '$', 'Winter', 'Casual', 'Jacket', 'Brown', 'Jeans', 'Blue', 'Trapezoid', 'Black', 'Fair'),
('kapoormuskaan5@gmail.com', 'Muskaan', 'Kapoor', 'Female', '$', 'Summer', 'Casual', 'Half Shirt', 'Black', 'Jeans', 'Blue', 'Oval', 'Black', 'Dark'),
('mverma96@gmail.com', 'Manish', 'Verma', 'Male', '$$', 'Summer', 'Casual', 'Full Shirt', 'Blue', 'Jeans', 'Black', 'Rectangle', 'Brown', 'Wheatish'),
('shivil.bansal2004@gmail.com', 'Shubh', 'bansal', 'Male', '$$', 'Summer', 'Party', 'Full Shirt', 'Black', 'Jeans', 'Grey', 'Inverted triangle', 'Black', 'Fair'),
('ashuchugh64@gmail.com', 'ashu', 'chugh', 'Male', '$', 'Summer', 'Casual', 'Full Tshirt', 'Blue', 'Jeans', 'Blue', 'Rectangle', 'Black', 'Fair'),
('twesha354@gmail.com', 'twesha', 'thussu', 'Female', '?', 'Summer', 'Casual', 'Half Tshirt', 'White', 'Pyjama', 'Grey', 'Trapezoid', 'Brown', 'Fair'),
('priyanka.vncdu@gami.com', 'Priyanka ', 'Purohit', 'Female', '$', 'Summer', 'Casual', 'Half Shirt', 'Black', 'Jeans', 'Black', 'Inverted triangle', 'Brown', 'Fair'),
('shubhamgogia85@gma.com', 'Shubham', 'Gogia', 'Male', '$', 'Winter', 'Party', 'Jacket', 'Black', 'Jeans', 'Brown', 'Trapezoid', 'Black', 'Fair'),
('info@kraftbling.com', 'Vikas', 'Gupta', 'Male', '$$', 'Summer', 'Office', 'Half Tshirt', 'Black', 'Jeans', 'Blue', 'Inverted triangle', 'Brown', 'Wheatish'),
('rheabedi7@gmail.com', 'Rhea', 'Bedi', 'Female', '$', 'Summer', 'Casual', 'Half Shirt', 'Red', 'Shorts', 'Black', 'Rectangle', 'Black', 'Fair'),
('Diksharaina1995@gmail.com', 'Diksha ', 'Raina', 'Female', '$', 'Summer', 'Party', 'Jacket', 'Blue', 'Jeans', 'Black', 'Oval', 'Brown', 'Fair'),
('pranshugaur18.pg@gmail.com', 'Pranshu', 'Gaur', 'Female', '$', 'Summer', 'Casual', 'Kurta', 'White', 'Jeans', 'Black', 'Rectangle', 'Black', 'Fair'),
('ayushinyati@gmail.com', 'ayushi', 'nyati', 'Female', '$$', 'Summer', 'Wedding', 'Kurta', 'Red', 'Jeans', 'Black', 'Rectangle', 'Black', 'Wheatish'),
('deeksha14@hotmail.com', 'Deeksha ', 'Arora', 'Female', '?', 'Summer', 'Casual', 'Full Tshirt', 'White', 'Pyjama', 'Black', 'Rectangle', 'Brown', 'Fair'),
('rockingragz09@gmail.com', 'Raghu', 'Tata', 'Male', '$$', 'Summer', 'Wedding', 'Half Tshirt', 'Black', 'Jeans', 'Black', 'Rectangle', 'Black', 'Fair'),
('muskansharma1133@gmail.com', 'Muskaan ', 'Sharma', 'Female', '$', 'Winter', 'Casual', 'Jacket', 'Black', 'Jeans', 'Blue', 'Trapezoid', 'Brown', 'Fair'),
('shreshtha98@gmail.com', 'Shreshtha ', 'Singh', 'Female', '$', 'Summer', 'Casual', 'Half Tshirt', 'Black', 'Pyjama', 'Black', 'Oval', 'Black', 'Fair'),
('youjjwalkumar@gmail.com', 'Ujjwal', 'Kumar', 'Male', '$$', 'Summer', 'Party', 'Half Tshirt', 'Blue', 'Jeans', 'Grey', 'Rectangle', 'Black', 'Wheatish'),
('veeranchita@gmail.com', 'Anchita', 'Veer', 'Female', '?', 'Summer', 'Casual', 'Half Tshirt', 'Blue', 'Shorts', 'Blue', 'Trapezoid', 'Black', 'Wheatish'),
('sahniaman40@gmail.com', 'Aman', 'Sahni', 'Male', '$$$', 'Winter', 'Casual', 'Jacket', 'Black', 'Jeans', 'Blue', 'Trapezoid', 'Brown', 'Fair'),
('simransagitarius@gmail.com', 'Simran', 'Sachdeva', 'Female', '$$', 'Summer', 'Casual', 'Half Shirt', 'Blue', 'Jeans', 'Grey', 'Oval', 'Brown', 'Fair'),
('thebikerabhishek@gmail.com', 'Abhishek', 'Soni', 'Male', '$$$', 'Summer', 'Casual', 'Half Tshirt', 'Blue', 'Shorts', 'Black', 'Oval', 'Black', 'Wheatish'),
('tejaswinishaktawat@gmail.com', 'Tejaswini', 'Shaktawat', 'Female', '$$', 'Summer', 'Casual', 'Half Tshirt', 'Blue', 'Shorts', 'Blue', 'Triangle', 'Brown', 'Wheatish'),
('vaishnavichaudhary.b333@gmail.com', 'Vaishnavi', 'Chaudhary', 'Female', '?', 'Summer', 'Casual', 'Half Tshirt', 'Blue', 'Shorts', 'Grey', 'Trapezoid', 'Brown', 'Fair'),
('Adarshchadha2@gmail.com', 'Adarsh 	', 'Chadha', 'Male', '$$$', 'Summer', 'Casual', 'Half Shirt', 'Black', 'Jeans', 'Black', 'Inverted triangle', 'Black', 'Fair'),
('mehaksethi31@gmail.com', 'Mehak', 'Sethi', 'Female', '$$', 'Summer', 'Wedding', 'Kurta', 'Red', 'Pyjama', 'Black', 'Trapezoid', 'Brown', 'Fair'),
('itzapoorva23@gmail.com', 'Apoorva', 'G', 'Female', '$$', 'Summer', 'Party', 'Half Shirt', 'Red', 'Shorts', 'Black', 'Rectangle', 'Brown', 'Wheatish'),
('tanyasirohi214@gmail.com', 'Tanya ', 'Sirohi ', 'Female', '$$', 'Summer', 'Casual', 'Half Tshirt', 'White', 'Jeans', 'Grey', 'Trapezoid', 'Brown', 'Wheatish'),
('gakhar.radhika99@yahoo.com', 'radhika', 'gakhar', 'Female', '$', 'Summer', 'Party', 'Jacket', 'Black', 'Jeans', 'Black', 'Rectangle', 'Black', 'Fair'),
('shivi3011@gmail.com', 'Shivani ', 'Sharma ', 'Female', '$', 'Winter', 'Casual', 'Full Shirt', 'Black', 'Jeans', 'Blue', 'Trapezoid', 'Black', 'Wheatish'),
('deepanshusharma158585@gmail.com', 'Deepanshu', 'Sharma', 'Male', '$$', 'Summer', 'Party', 'Jacket', 'Black', 'Jeans', 'Brown', 'Trapezoid', 'Black', 'Fair'),
('anamika.supriya@gmail.com', 'Anamika ', 'Bhatnagar ', 'Female', '?', 'Summer', 'Casual', 'Half Tshirt', 'Black', 'Shorts', 'Blue', 'Inverted triangle', 'Brown', 'Wheatish'),
('shaswatmisra19@gmail.com', 'Shaswat', 'Mishra', 'Male', '?', 'Summer', 'Wedding', 'Coat', 'Black', 'Pant', 'Black', 'Oval', 'Black', 'Fair'),
('chahatrelia@yahoo.in', 'Chahat', 'Relia', 'Female', '$$', 'Winter', 'Party', 'Jacket', 'Black', 'Jeans', 'Black', 'Oval', 'Black', 'Fair'),
('harshabokolia.22@gmail.com', 'Harsha', 'Bokolia', 'Female', '$', 'Summer', 'Casual', 'Kurta', 'Black', 'Jeans', 'Blue', 'Trapezoid', 'Brown', 'Wheatish'),
('pooja01kataria@gmail.com', 'Pooja', 'K', 'Female', '$$', 'Summer', 'Wedding', 'Kurta', 'Pink', 'Pant', 'Black', 'Rectangle', 'Brown', 'Wheatish'),
('pooja01kataria@gmail.com', 'Pooja', 'K', 'Female', '$$', 'Summer', 'Wedding', 'Kurta', 'Pink', 'Pant', 'Black', 'Rectangle', 'Brown', 'Wheatish'),
('abc@gmail.com', 'Naina', 'Kabra', 'Female', '$', 'Summer', 'Party', 'Half Tshirt', 'Blue', 'Shorts', 'Black', 'Rectangle', 'Black', 'Fair'),
('iamharshula@gmail.com', 'Harshula', 'Sharma', 'Female', '$$', 'Summer', 'Party', 'Half Tshirt', 'Blue', 'Shorts', 'Black', 'Oval', 'Brown', 'Wheatish'),
('suchit57@gmail.com', 'Suchit', 'Mathur', 'Male', '$', 'Summer', 'Casual', 'Half Tshirt', 'Blue', 'Shorts', 'Grey', 'Oval', 'Black', 'Wheatish'),
('shilpirana1999@gmail.com', 'shilpi', 'rana', 'Female', '$', 'Summer', 'Party', 'Coat', 'White', 'Jeans', 'Black', 'Inverted triangle', 'Black', 'Fair'),
('yashjindal142@gmail.com', 'Nidhi', 'Jindal ', 'Female', '$$', 'Summer', 'Casual', 'Kurta', 'Red', 'Jeans', 'Black', 'Trapezoid', 'Brown', 'Fair'),
('mayankgirdhar6@gmail.com', 'Mayank', 'Girdhar', 'Male', '$$', 'Summer', 'Casual', 'Half Tshirt', 'Black', 'Jeans', 'Blue', 'Inverted triangle', 'Black', 'Fair'),
('akshatgoel@gmail.com', 'Akshat', 'Goel', 'Male', '$$$', 'Winter', 'Office', 'Full Shirt', 'White', 'Pant', 'Black', 'Trapezoid', 'Black', 'Fair'),
('ujjawalgoel6@gmail.com', 'Ujjawal', 'Goel', 'Male', '?', 'Summer', 'Party', 'Jacket', 'Black', 'Jeans', 'Blue', 'Trapezoid', 'Black', 'Fair'),
('amansahay2296@gmail.com', 'Aman ', 'Sahay', 'Male', '$$', 'Summer', 'Party', 'Half Tshirt', 'Black', 'Jeans', 'Blue', 'Triangle', 'Black', 'Wheatish'),
('devikasatija@yahoo.in', 'Devika', 'Satija', 'Female', '$', 'Summer', 'Office', 'Full Shirt', 'Blue', 'Pant', 'Grey', 'Rectangle', 'Black', 'Fair'),
('aashima2896@gmail.com', 'Aashima', 'Gupta', 'Female', '?', 'Summer', 'Casual', 'Half Tshirt', 'White', 'Jeans', 'Blue', 'Trapezoid', 'Black', 'Wheatish'),
('kannu24680@gmail.com', 'kanika', 'sehgal', 'Female', '?', 'Summer', 'Casual', 'Kurta', 'Black', 'Pant', 'Black', 'Inverted triangle', 'Brown', 'Fair'),
('pranshu14dixit@gmail.com', 'Pranshu', 'Dixit', 'Male', '$$', 'Summer', 'Casual', 'Half Tshirt', 'Blue', 'Pant', 'Black', 'Trapezoid', 'Black', 'Fair'),
('himani.mitrolia@yahoo.in', 'Himani ', 'Mitrolia ', 'Female', '?', 'Summer', 'Casual', 'Kurta', 'Blue', 'Pyjama', 'Grey', 'Rectangle', 'Black', 'Wheatish'),
('komalmehta.1995@gmail.com', 'Komal ', 'Mehta ', 'Female', '$$', 'Winter', 'Office', 'Full Shirt', 'Blue', 'Pant', 'Grey', 'Inverted triangle', 'Black', 'Fair'),
('prateekbansal2299@gmail.com', 'Pratik', 'Bansal', 'Male', '$$', 'Summer', 'Wedding', 'Coat', 'Black', 'Pant', 'Black', 'Rectangle', 'Black', 'Wheatish'),
('akankshataneja111@gmail.com', 'Akanksha', 'Taneja', 'Female', '$$', 'Summer', 'Casual', 'Half Tshirt', 'Blue', 'Jeans', 'Black', 'Trapezoid', 'Brown', 'Fair'),
('rahulwason007@gmail.com', 'Rahul', 'Wason', 'Male', '?', 'Summer', 'Party', 'Full Shirt', 'Blue', 'Jeans', 'Black', 'Trapezoid', 'Black', 'Wheatish'),
('avantika1310singh@gmail.com', 'Avantika', 'Singh', 'Female', '$', 'Summer', 'Casual', 'Half Tshirt', 'Brown', 'Shorts', 'Black', 'Inverted triangle', 'Brown', 'Wheatish'),
('sonichetna64@gmail.com', 'Chetna ', 'Soni', 'Female', '$$', 'Summer', 'Casual', 'Kurta', 'Black', 'Pyjama', 'Grey', 'Trapezoid', 'Brown', 'Fair'),
('vibhav.chaddha@gmail.com', 'Vibhav', 'Chaddha', 'Male', '$$', 'Summer', 'Casual', 'Half Tshirt', 'Blue', 'Jeans', 'Blue', 'Trapezoid', 'Black', 'Wheatish'),
('ruhi.ahuja1001@gmail.com', 'Ruhi', 'Ahuja', 'Female', '?', 'Summer', 'Party', 'Jacket', 'Black', 'Shorts', 'Blue', 'Trapezoid', 'Brown', 'Fair'),
('ratika.cute96@gmail.com', 'Ratika', 'Grover', 'Female', '$$', 'Summer', 'Party', 'Jacket', 'Black', 'Jeans', 'Blue', 'Trapezoid', 'Black', 'Wheatish'),
('paithankarrohan039@gmail.com', 'Rohan', 'Paithankar', 'Male', '$$', 'Summer', 'Casual', 'Half Tshirt', 'Black', 'Jeans', 'Blue', 'Rectangle', 'Black', 'Wheatish'),
('shriyachhabra16@gmail.com', 'Shriya', 'Chhabra', 'Female', '$', 'Summer', 'Casual', 'Half Tshirt', 'White', 'Jeans', 'Black', 'Inverted triangle', 'Black', 'Fair'),
('sharmadivyanshu1996@gmail.com', 'Divyanshu ', 'Sharma', 'Male', '$$', 'Summer', 'Wedding', 'Kurta', 'Black', 'Pyjama', 'Black', 'Rectangle', 'Black', 'Wheatish'),
('sharmakashish1998@gmail.com', 'Kashish', 'Sharma', 'Male', '$', 'Summer', 'Party', 'Full Shirt', 'Black', 'Jeans', 'Blue', 'Trapezoid', 'Black', 'Fair'),
('anitha.rk21@gmail.com', 'anitha', 'Rk', 'Female', '$$', 'Summer', 'Casual', 'Jacket', 'Black', 'Shorts', 'Black', 'Trapezoid', 'Brown', 'Dark'),
('neervbhatia96@gmail.com', 'Neerav', 'Bhatia', 'Male', '$$', 'Summer', 'Casual', 'Half Tshirt', 'Black', 'Jeans', 'Grey', 'Rectangle', 'Black', 'Fair'),
('japleenk997@gmail.com', 'Japleen ', 'Kaur', 'Female', '$', 'Winter', 'Wedding', 'Kurta', 'Pink', 'Pant', 'Black', 'Triangle', 'Black', 'Fair'),
('poojabhardwaj991@gmail.com', 'Pooja', 'Bhardwaj', 'Female', '$$', 'Summer', 'Casual', 'Half Tshirt', 'White', 'Pant', 'Blue', 'Trapezoid', 'Black', 'Fair'),
('nikunj10daddy@gmail.com', 'Nikunj', 'Garg', 'Male', '$$', 'Summer', 'Party', 'Coat', 'Blue', 'Jeans', 'Black', 'Trapezoid', 'Black', 'Fair'),
('aniketh_sircar@yahoo.com', 'Aniketh', 'Sircar', 'Male', '?', 'Summer', 'Casual', 'Kurta', 'Blue', 'Shorts', 'Black', 'Trapezoid', 'Black', 'Wheatish'),
('juhijoshi2096@gmail.com', 'Juhi', 'Joshi', 'Female', '$$', 'Summer', 'Casual', 'Kurta', 'Pink', 'Jeans', 'Blue', 'Rectangle', 'Brown', 'Fair'),
('shreyas.satish.96@gmail.com', 'Shreyas', 'Satish', 'Male', '$$', 'Summer', 'Casual', 'Half Tshirt', 'Red', 'Jeans', 'Blue', 'Inverted triangle', 'Black', 'Wheatish'),
('supreet1990tomar@yahoo.com', 'Supreet', 'Tomar', 'Male', '$$$', 'Summer', 'Casual', 'Full Shirt', 'Black', 'Jeans', 'Black', 'Trapezoid', 'Brown', 'Wheatish'),
('harshitajain490@gmail.com', 'Harshita', 'Jain', 'Female', '?', 'Summer', 'Casual', 'Half Tshirt', 'Black', 'Shorts', 'Blue', 'Trapezoid', 'Black', 'Fair'),
('suryanshiadaniya@gmail.com', 'Suryanshi', 'Adaniya', 'Female', '$$', 'Summer', 'Casual', 'Full Tshirt', 'Blue', 'Jeans', 'Black', 'Trapezoid', 'Black', 'Wheatish'),
('anchitbhatia96@gmail.com', 'Anchit', 'Bhatia', 'Male', '$$', 'Summer', 'Casual', 'Half Tshirt', 'Red', 'Jeans', 'Black', 'Oval', 'Black', 'Wheatish'),
('prernamehta96@gmail.com', 'prerna', 'mehta', 'Female', '$$', 'Summer', 'Casual', 'Half Shirt', 'Red', 'Shorts', 'Black', 'Inverted triangle', 'Blonde', 'Fair'),
('himanshusaini96@gmail.com', 'Himanshu ', 'Saini', 'Male', '$$', 'Summer', 'Party', 'Half Shirt', 'Black', 'Jeans', 'Blue', 'Inverted triangle', 'Black', 'Wheatish'),
('himanshu07bhandari@gmail.com', 'Himanshu', 'Bhandari', 'Male', '?', 'Winter', 'Office', 'Full Shirt', 'Black', 'Jeans', 'Blue', 'Rectangle', 'Black', 'Fair'),
('madhur97bansal@gmail.com', 'Madhur', 'Bansal', 'Male', '$$', 'Summer', 'Casual', 'Half Tshirt', 'Blue', 'Jeans', 'Blue', 'Inverted triangle', 'Brown', 'Fair'),
('somya.sneh@gmail.com', 'Somya', 'Sneh', 'Female', '$$', 'Summer', 'Casual', 'Half Tshirt', 'White', 'Shorts', 'Brown', 'Rectangle', 'Black', 'Wheatish'),
('kedia.mansi3898@gmail.com', 'Mansi', 'Kedia', 'Female', '?', 'Summer', 'Party', 'Half Tshirt', 'Black', 'Jeans', 'Grey', 'Triangle', 'Black', 'Wheatish'),
('kaushiki28mishra.05@gmail.com', 'Kaushiki', 'Mishra', 'Female', '$$', 'Summer', 'Office', 'Half Shirt', 'Blue', 'Pant', 'Black', 'Rectangle', 'Black', 'Dark'),
('soninagar08@gmail.com', 'Soni', 'Nagar', 'Female', '?', 'Summer', 'Party', 'Kurta', 'Black', 'Jeans', 'Black', 'Inverted triangle', 'Black', 'Fair'),
('soninagar08@gmail.com', 'Soni', 'Nagar', 'Female', '?', 'Summer', 'Party', 'Kurta', 'Black', 'Jeans', 'Black', 'Inverted triangle', 'Black', 'Fair'),
('dkdlfps@gmail.com', 'Dhairya ', 'Khera', 'Male', '$', 'Summer', 'Casual', 'Half Tshirt', 'Black', 'Jeans', 'Blue', 'Trapezoid', 'Black', 'Fair'),
('juhisingh181997@gmail.com', 'Juhi', 'Chaudhary', 'Female', '?', 'Summer', 'Casual', 'Kurta', 'Black', 'Shorts', 'Grey', 'Inverted triangle', 'Brown', 'Fair'),
('raghavmishra.1603@gmail.com', 'Raghav', 'M', 'Male', '$$', 'Summer', 'Casual', 'Full Shirt', 'Black', 'Jeans', 'Blue', 'Inverted triangle', 'Black', 'Wheatish'),
('anjali.tiwari.066@gmail.com', 'Anjali', 'Tiwari', 'Female', '$$', 'Summer', 'Casual', 'Kurta', 'Red', 'Jeans', 'Black', 'Trapezoid', 'Black', 'Fair'),
('seeulee96@gmail.com', 'Seeulee', 'Upadhyaya', 'Female', '$', 'Summer', 'Casual', 'Half Shirt', 'Black', 'Shorts', 'Black', 'Trapezoid', 'Black', 'Wheatish'),
('saurabh.2961996@gmail.com', 'Saurabh', 'Chauhan', 'Male', '$$$', 'Summer', 'Casual', 'Half Tshirt', 'Blue', 'Jeans', 'Blue', 'Rectangle', 'Black', 'Fair'),
('geetims143@gmail.com', 'KM GEETA ', 'SINGH', 'Female', '$', 'Summer', 'Casual', 'Half Tshirt', 'White', 'Shorts', 'Blue', 'Inverted triangle', 'Black', 'Fair'),
('chetnataak@gmail.com', 'chetna', 'taak', 'Female', '$$', 'Summer', 'Casual', 'Half Tshirt', 'Red', 'Jeans', 'Black', 'Inverted triangle', 'Brown', 'Fair'),
('9310051838aditya@gmail.com', 'Aditya', 'Gupta', 'Male', '$$$', 'Summer', 'Party', 'Full Tshirt', 'White', 'Shorts', 'Black', 'Inverted triangle', 'Black', 'Fair'),
('kunalkaushik13@gmail.com', 'Kunal', 'Kaushik', 'Male', '$$', 'Summer', 'Casual', 'Half Tshirt', 'White', 'Jeans', 'Black', 'Oval', 'Black', 'Wheatish'),
('khushali100116@gmail.com', 'Khushali', 'Ghorpade', 'Female', '$', 'Summer', 'Casual', 'Half Tshirt', 'Black', 'Jeans', 'Blue', 'Rectangle', 'Brown', 'Wheatish'),
('hc1998himanshu@gmail.com', 'Himanshu', 'Chauhan', 'Male', '?', 'Summer', 'Casual', 'Full Shirt', 'Black', 'Jeans', 'Grey', 'Oval', 'Brown', 'Fair'),
('poetaj96@gmail.com', 'Aayush', 'Jain', 'Male', '$', 'Summer', 'Casual', 'Half Tshirt', 'Blue', 'Shorts', 'Black', 'Rectangle', 'Black', 'Wheatish'),
('harshitsidhwa7565@gmail.com', 'Harshit', 'Sidhwa', 'Male', '$$', 'Summer', 'Casual', 'Half Shirt', 'White', 'Jeans', 'Black', 'Oval', 'Black', 'Wheatish'),
('garimasingh2714@gmail.com', 'Garima', 'Singh', 'Female', '$$', 'Summer', 'Wedding', 'Kurta', 'Red', 'Jeans', 'Black', 'Inverted triangle', 'Black', 'Fair'),
('adevanshi71@gmail.com', 'Devanshi', 'Aggarwal', 'Female', '$', 'Summer', 'Casual', 'Kurta', 'Black', 'Jeans', 'Black', 'Oval', 'Black', 'Wheatish'),
('amanbnsl2@gmail.com', 'Aman ', 'Bansal', 'Male', '$', 'Summer', 'Office', 'Coat', 'Blue', 'Pant', 'Black', 'Inverted triangle', 'Black', 'Wheatish'),
('devranjan1111@gmail.com', 'Dev', 'Ranjan', 'Male', '$', 'Winter', 'Casual', 'Full Shirt', 'White', 'Jeans', 'Blue', 'Trapezoid', 'Black', 'Fair'),
('ishaneea@gmail.com', 'Ishanee', 'Akshda ', 'Female', '?', 'Summer', 'Casual', 'Half Tshirt', 'White', 'Pant', 'Black', 'Trapezoid', 'Brown', 'Fair'),
('mallika.shkl@gmail.com', 'Mallika', 'Shukla', 'Female', '$', 'Summer', 'Casual', 'Full Tshirt', 'Pink', 'Pyjama', 'Brown', 'Trapezoid', 'Brown', 'Fair'),
('imonikamittal@gmail.com', 'Monika', 'Mittal', 'Female', '$$', 'Summer', 'Casual', 'Half Tshirt', 'White', 'Jeans', 'Blue', 'Trapezoid', 'Brown', 'Fair'),
('deepikasingh1095@gmail.com', 'deepika', 'singh', 'Female', '$$', 'Summer', 'Wedding', 'Kurta', 'Red', 'Jeans', 'Black', 'Rectangle', 'Brown', 'Fair'),
('simranlovelygirl82@gmail.com', 'Simran', 'Kaur', 'Female', '?', 'Summer', 'Casual', 'Half Tshirt', 'Blue', 'Jeans', 'Blue', 'Triangle', 'Brown', 'Fair'),
('garimajagetiya@gmail.com', 'Garima', 'Jagetiya', 'Female', '$$$', 'Summer', 'Wedding', 'Kurta', 'Black', 'Jeans', 'Black', 'Inverted triangle', 'Black', 'Wheatish'),
('diveyjain70@gmail.com', 'Divey ', 'Jain', 'Male', '?', 'Summer', 'Party', 'Coat', 'Black', 'Pant', 'Black', 'Oval', 'Black', 'Dark'),
('nikhilostwal1996@gmail.com', 'Nikhil ', 'Ostwal', 'Male', '$$$', 'Summer', 'Party', 'Jacket', 'Black', 'Jeans', 'Brown', 'Rectangle', 'Black', 'Fair'),
('jainanimesh15@gmail.com', 'Animesh ', 'Jain', 'Male', '$$', 'Summer', 'Party', 'Half Tshirt', 'Black', 'Jeans', 'Blue', 'Rectangle', 'Black', 'Dark'),
('chiragprashar154@gmail.com', 'Chirag ', 'Prashar', 'Male', '$', 'Winter', 'Party', 'Coat', 'Blue', 'Pant', 'Black', 'Inverted triangle', 'Black', 'Fair'),
('radhikakhemka12998@gmail.com', 'Radhika', 'Khemka', 'Female', '?', 'Winter', 'Party', 'Full Tshirt', 'Black', 'Jeans', 'Blue', 'Rectangle', 'Black', 'Wheatish'),
('nikitasethia98@gmail.com', 'Nikita', 'Sethia', 'Female', '?', 'Summer', 'Casual', 'Half Tshirt', 'Black', 'Shorts', 'Blue', 'Trapezoid', 'Black', 'Fair'),
('shashwatjain99@gmail.com', 'Shashwat ', 'Jain', 'Male', '$$', 'Winter', 'Wedding', 'Full Shirt', 'Black', 'Pant', 'Grey', 'Rectangle', 'Black', 'Fair'),
('dhruvrnaik@gmail.com', 'Dhruv', 'Naik', 'Male', '$$', 'Summer', 'Casual', 'Half Tshirt', 'Black', 'Jeans', 'Blue', 'Oval', 'Black', 'Fair'),
('Arushi.setia@gmail.com', 'Arushi', 'Setia', 'Female', '$$$', 'Summer', 'Casual', 'Half Tshirt', 'Black', 'Jeans', 'Blue', 'Trapezoid', 'Black', 'Wheatish'),
('khushboo.ya8@gmail.com', 'Khushboo', 'Yadav', 'Female', '$$$', 'Summer', 'Casual', 'Jacket', 'Blue', 'Jeans', 'Black', 'Inverted triangle', 'Black', 'Wheatish'),
('chitreneil5@gmail.com', 'Neil', 'Chitre', 'Male', '$$', 'Summer', 'Casual', 'Half Shirt', 'Black', 'Jeans', 'Blue', 'Trapezoid', 'Black', 'Dark'),
('zorosinghya@gmail.com', 'Zorawar', 'Singh', 'Male', '$$$', 'Summer', 'Casual', 'Half Tshirt', 'Black', 'Jeans', 'Blue', 'Rectangle', 'Black', 'Fair'),
('shourya98@gmail.com', 'Shourya', 'jaiswal', 'Male', '$', 'Summer', 'Casual', 'Half Tshirt', 'Blue', 'Jeans', 'Blue', 'Rectangle', 'Black', 'Wheatish'),
('bnsvishal@gmail.com', 'Vishal', 'BNS', 'Male', '$$', 'Summer', 'Casual', 'Full Shirt', 'Black', 'Jeans', 'Blue', 'Rectangle', 'Black', 'Fair'),
('groveralex8@gmail.com', 'dipti', 'grover', 'Female', '$$', 'Summer', 'Casual', 'Kurta', 'Black', 'Jeans', 'Blue', 'Oval', 'Brown', 'Fair'),
('rahulnambiar40@gmail.com', 'Rahul', 'PK', 'Male', '$', 'Summer', 'Casual', 'Half Tshirt', 'White', 'Jeans', 'Blue', 'Inverted triangle', 'Black', 'Dark'),
('cuteliciousbarbie16@gmail.com', 'Mahi', 'Agarwal', 'Female', '$$', 'Summer', 'Wedding', 'Kurta', 'Black', 'Pant', 'Blue', 'Trapezoid', 'Brown', 'Fair'),
('shahsetu@ymail.com', 'Setu', 'Shah', 'Male', '$$', 'Summer', 'Wedding', 'Coat', 'Black', 'Pant', 'Black', 'Rectangle', 'Black', 'Fair'),
('sarafdamini27@gmail.com', 'Damini', 'Saraf', 'Female', '?', 'Summer', 'Party', 'Half Tshirt', 'Black', 'Jeans', 'Blue', 'Rectangle', 'Brown', 'Fair'),
('shee2096@gmail.com', 'Sheetal', 'Sharma', 'Female', '$$', 'Summer', 'Casual', 'Half Tshirt', 'Blue', 'Shorts', 'Blue', 'Trapezoid', 'Black', 'Wheatish'),
('sonikasingh932@gmail.com', 'Sonika', 'Phogat', 'Female', '?', 'Summer', 'Casual', 'Half Tshirt', 'White', 'Shorts', 'Grey', 'Rectangle', 'Brown', 'Wheatish'),
('simranchawla935@gmail.com', 'Simran', 'Chawla', 'Female', '$$$', 'Summer', 'Casual', 'Half Tshirt', 'Black', 'Jeans', 'Blue', 'Trapezoid', 'Brown', 'Wheatish'),
('durgeshbhati.db@gmail.com', 'Durgesh ', 'Bhati', 'Male', '?', 'Summer', 'Party', 'Jacket', 'Black', 'Jeans', 'Grey', 'Oval', 'Brown', 'Fair'),
('anjishtha9711@gmail.com', 'Anjishtha', 'Rohilla', 'Female', '$$$', 'Summer', 'Casual', 'Half Tshirt', 'Black', 'Shorts', 'Grey', 'Trapezoid', 'Black', 'Wheatish'),
('adityamittal@outlook.com', 'Aditya', 'Mittal', 'Male', '$$', 'Summer', 'Casual', 'Full Shirt', 'Red', 'Jeans', 'Black', 'Rectangle', 'Black', 'Wheatish'),
('ag251096@gmail.com', 'Aakash', 'Gupta', 'Male', '$', 'Summer', 'Casual', 'Full Shirt', 'Black', 'Jeans', 'Brown', 'Inverted triangle', 'Black', 'Fair'),
('bharti97sanghi@gmail.com', 'Bharti', 'Sanghi', 'Female', '$', 'Winter', 'Wedding', 'Half Tshirt', 'Blue', 'Shorts', 'Black', 'Trapezoid', 'Brown', 'Wheatish'),
('daminirajanya@gmail.com', 'Damini', 'Rajanya', 'Female', '$', 'Winter', 'Casual', 'Kurta', 'Blue', 'Pyjama', 'Black', 'Inverted triangle', 'Black', 'Wheatish'),
('dhanursood@gmail.com', 'Dhanur', 'Sood', 'Male', '$$$', 'Summer', 'Casual', 'Half Tshirt', 'Black', 'Jeans', 'Blue', 'Oval', 'Brown', 'Fair'),
('dandriyal98puja@gmail.com', 'Pooja', 'Sharma', 'Female', '$$', 'Summer', 'Casual', 'Half Tshirt', 'Red', 'Jeans', 'Black', 'Trapezoid', 'Black', 'Wheatish'),
('29madhur@gmail.com', 'Madhur', 'Nijhawan ', 'Male', '$', 'Summer', 'Wedding', 'Coat', 'Black', 'Pant', 'Black', 'Rectangle', 'Black', 'Wheatish'),
('sumansinghrajput709@gmail.com', 'Suman', 'Singh', 'Female', '$$', 'Summer', 'Casual', 'Full Tshirt', 'Black', 'Jeans', 'Blue', 'Trapezoid', 'Black', 'Wheatish'),
('pranshushoe@gmail.com', 'Aishwarya', 'Dixit', 'Female', '$$$', 'Summer', 'Party', 'Half Tshirt', 'Red', 'Shorts', 'Blue', 'Rectangle', 'Black', 'Wheatish'),
('abhishek12021997@gmail.com', 'Abhishek ', 'Soni', 'Male', '$$', 'Summer', 'Party', 'Half Tshirt', 'White', 'Pant', 'Black', 'Trapezoid', 'Black', 'Fair'),
('Aditic881@gmail.com', 'Aditi', 'Chauhan', 'Female', '$', 'Summer', 'Casual', 'Half Tshirt', 'Black', 'Jeans', 'Blue', 'Oval', 'Black', 'Fair'),
('sravyadoppalapudi93@gmail.com', 'Sravya', 'Doppalapudi', 'Female', '$', 'Summer', 'Office', 'Full Shirt', 'Black', 'Shorts', 'Black', 'Oval', 'Black', 'Wheatish'),
('intellijayant@gmail.com', 'Jay', 'R', 'Male', '$$', 'Summer', 'Casual', 'Half Shirt', 'White', 'Shorts', 'Brown', 'Trapezoid', 'Black', 'Wheatish'),
('monika.gola35@gmail.com', 'Monika', 'Gola', 'Female', '?', 'Summer', 'Party', 'Half Shirt', 'Pink', 'Jeans', 'Grey', 'Trapezoid', 'Black', 'Fair'),
('kamalvyas0001@gmail.com', 'kamal', 'vyas', 'Male', '?', 'Winter', 'Office', 'Full Shirt', 'Blue', 'Pant', 'Black', 'Trapezoid', 'Brown', 'Fair'),
('mokshsnair@gmail.com', 'Moksh', 'Nair', 'Male', '$$', 'Summer', 'Office', 'Coat', 'Black', 'Pant', 'Black', 'Triangle', 'Black', 'Wheatish'),
('mokshsnair@gmail.com', 'Moksh', 'Nair', 'Male', '$$', 'Summer', 'Office', 'Coat', 'Black', 'Pant', 'Black', 'Triangle', 'Black', 'Wheatish'),
('monikasingh4238@gmail.com', 'Monika', 'Singh', 'Female', '?', 'Summer', 'Casual', 'Half Shirt', 'Black', 'Jeans', 'Grey', 'Trapezoid', 'Brown', 'Wheatish'),
('niral424@gmail.com', 'Niral', 'jain', 'Male', '$$', 'Summer', 'Casual', 'Half Tshirt', 'Blue', 'Jeans', 'Black', 'Rectangle', 'Black', 'Fair'),
('puneetgupta896@gmail.com', 'Puneet', 'Gupta', 'Male', '$$', 'Winter', 'Party', 'Jacket', 'Black', 'Jeans', 'Blue', 'Inverted triangle', 'Black', 'Fair'),
('ongia21@gmail.com', 'satyam', 'mongia', 'Male', '$$', 'Summer', 'Casual', 'Full Shirt', 'Black', 'Jeans', 'Blue', 'Oval', 'Black', 'Fair'),
('amansingh10197@gmail.com', 'Aman', 'Singh', 'Male', '$', 'Summer', 'Casual', 'Full Shirt', 'Blue', 'Jeans', 'Black', 'Inverted triangle', 'Brown', 'Wheatish'),
('raj.moona9@gmail.com', 'Raj', 'Moona', 'Male', '$$', 'Summer', 'Casual', 'Half Tshirt', 'Black', 'Jeans', 'Blue', 'Oval', 'Black', 'Wheatish'),
('karisam0817@gmail.com', 'Sonali', 'Jain', 'Female', '?', 'Summer', 'Casual', 'Half Tshirt', 'Blue', 'Jeans', 'Black', 'Rectangle', 'Brown', 'Fair'),
('jainitdhir28@gmail.com', 'Jainit', 'Dhir', 'Female', '$$$', 'Summer', 'Party', 'Half Shirt', 'Black', 'Shorts', 'Grey', 'Trapezoid', 'Black', 'Fair'),
('harshahuja27@gmail.com', 'Harsh', 'Ahuja', 'Female', '$', 'Summer', 'Casual', 'Half Tshirt', 'Black', 'Shorts', 'Black', 'Rectangle', 'Black', 'Wheatish'),
('lalityaparashar1@ymail.com', 'Lalitya', 'Parashar', 'Male', '$$', 'Summer', 'Party', 'Coat', 'Brown', 'Pant', 'Black', 'Rectangle', 'Black', 'Wheatish'),
('sushant.joshi82@yahoo.com', 'Sushant', 'Joshi', 'Male', '$$', 'Summer', 'Casual', 'Half Tshirt', 'Black', 'Jeans', 'Blue', 'Oval', 'Black', 'Wheatish'),
('meshivamsrivastava6@gmail.com', 'Shivam', 'Srivastava', 'Male', '$$$', 'Summer', 'Party', 'Jacket', 'Black', 'Jeans', 'Grey', 'Rectangle', 'Black', 'Wheatish'),
('sanchitnanglia95@hotmail.com', 'Sanchit', 'Nanglia', 'Male', '$', 'Summer', 'Party', 'Full Shirt', 'Blue', 'Pant', 'Black', 'Trapezoid', 'Black', 'Fair'),
('srishti_madan@yahoo.co.in', 'Srishti', 'Madan', 'Female', '?', 'Summer', 'Office', 'Full Shirt', 'Blue', 'Pant', 'Black', 'Oval', 'Black', 'Wheatish'),
('arpitagal5@gmail.com', 'Arpit', 'Agal', 'Male', '$$$', 'Winter', 'Party', 'Jacket', 'Brown', 'Jeans', 'Black', 'Inverted triangle', 'Black', 'Wheatish'),
('vaibhavgautamtdl@gmail.com', 'Vaibhav', 'Gautam', 'Male', '$$', 'Summer', 'Party', 'Full Shirt', 'White', 'Jeans', 'Black', 'Rectangle', 'Black', 'Fair'),
('prachi829@live.com', 'Prachi', 'Parik', 'Female', '$$$', 'Summer', 'Wedding', 'Kurta', 'Brown', 'Pyjama', 'Black', 'Rectangle', 'Brown', 'Fair'),
('archu.leo18@gmail.com', 'Archana', 'Neelkantan', 'Female', '$$', 'Summer', 'Casual', 'Kurta', 'White', 'Jeans', 'Blue', 'Triangle', 'Black', 'Wheatish'),
('hammadsiraj3@gmail.com', 'Hammad', 'Siraj', 'Male', '?', 'Winter', 'Casual', 'Full Shirt', 'Black', 'Pyjama', 'Grey', 'Trapezoid', 'Black', 'Fair'),
('kshitij.nawal10@gmail.com', 'Kshitij', 'Nawal', 'Male', '$$$', 'Summer', 'Wedding', 'Coat', 'Black', 'Pant', 'Black', 'Trapezoid', 'Black', 'Wheatish'),
('avinash.mehta9@gmail.com', 'Avinash', 'Mehta', 'Male', '$', 'Summer', 'Casual', 'Coat', 'Black', 'Jeans', 'Black', 'Rectangle', 'Black', 'Fair'),
('dayam.akshat@gmail.com', 'Akshat', 'Dayam', 'Male', '$$', 'Summer', 'Party', 'Half Tshirt', 'Black', 'Jeans', 'Blue', 'Oval', 'Black', 'Wheatish'),
('shraddhasrii1122@gmial.com', 'Shraddha', 'Srivastava', 'Female', '$$', 'Winter', 'Party', 'Kurta', 'Black', 'Pant', 'Black', 'Rectangle', 'Black', 'Wheatish'),
('kshyjn1234@gmail.com', 'Akshay', 'Jain', 'Male', '$$', 'Summer', 'Casual', 'Full Shirt', 'Blue', 'Jeans', 'Black', 'Inverted triangle', 'Black', 'Wheatish'),
('ankitakaushik1234@gmail.com', 'Ankita', 'Kaushik', 'Female', '$', 'Summer', 'Casual', 'Half Tshirt', 'Pink', 'Jeans', 'Blue', 'Oval', 'Blonde', 'Wheatish'),
('irumj1996@gmail.com', 'Irum', 'J', 'Female', '$', 'Summer', 'Casual', 'Half Tshirt', 'Black', 'Jeans', 'Blue', 'Trapezoid', 'Black', 'Dark'),
('shubhamkesarwani04@gmail.com', 'Shubham', 'Kesarwani', 'Male', '$', 'Summer', 'Wedding', 'Full Shirt', 'Blue', 'Pant', 'Black', 'Inverted triangle', 'Black', 'Wheatish'),
('shivil.bansal2004@gmail.com', 'Shubh', 'bansal', 'Male', '$$', 'Summer', 'Party', 'Full Shirt', 'Black', 'Jeans', 'Grey', 'Inverted triangle', 'Black', 'Fair'),
('jyotitanwani@gmail.com', 'Jyoti', 'Tanwani', 'Female', '$', 'Winter', 'Casual', 'Half Tshirt', 'Black', 'Jeans', 'Blue', 'Trapezoid', 'Brown', 'Fair'),
('devikaagarwal1996@gmail.com', 'Devika', 'Agarwal', 'Female', '$$', 'Summer', 'Party', 'Half Shirt', 'Blue', 'Jeans', 'Black', 'Trapezoid', 'Black', 'Wheatish'),
('sachinjain.cor@gmail.com', 'Sachin ', 'Jain', 'Male', '$', 'Summer', 'Party', 'Full Shirt', 'Black', 'Jeans', 'Black', 'Inverted triangle', 'Black', 'Wheatish'),
('saksham2801@gmail.com', 'Saksham raj', 'Seth', 'Male', '$$', 'Summer', 'Office', 'Full Shirt', 'Black', 'Jeans', 'Black', 'Trapezoid', 'Black', 'Fair'),
('shivil.bansal2004@gmail.com', 'Shubh', 'bansal', 'Male', '$$', 'Summer', 'Party', 'Full Shirt', 'Black', 'Jeans', 'Grey', 'Inverted triangle', 'Black', 'Fair'),
('hhffghh@fggft.com', 'Ffggbbv', 'Ffgvvbn', 'Male', '$$', 'Winter', 'Casual', 'Jacket', 'Black', 'Pant', 'Black', 'Inverted triangle', 'Brown', 'Wheatish'),
('rahul.shah1912@gmail.com', 'Rahul', 'Shah', 'Male', '?', 'Summer', 'Wedding', 'Full Shirt', 'White', 'Pant', 'Black', 'Rectangle', 'Black', 'Fair'),
('neivah.tous@gmail.con', 'Neivah', 'Touthang', 'Female', '?', 'Winter', 'Casual', 'Jacket', 'Black', 'Jeans', 'Grey', 'Oval', 'Brown', 'Fair'),
('nehad2209@gmail.com', 'Neha', 'Singh', 'Female', '$$', 'Summer', 'Party', 'Half Tshirt', 'Black', 'Shorts', 'Black', 'Triangle', 'Black', 'Wheatish'),
('tapan2017@gmail.com', 'Tapan', 'Kumar', 'Male', '$$', 'Summer', 'Casual', 'Half Tshirt', 'Blue', 'Jeans', 'Blue', 'Trapezoid', 'Black', 'Wheatish'),
('bhupenchauhan09@gmil.com', 'Bhupendra', 'Singh', 'Male', '$$', 'Summer', 'Casual', 'Full Shirt', 'Blue', 'Pant', 'Grey', 'Rectangle', 'Black', 'Dark'),
('pmathur.1968@gmail.com', 'Prerit', 'Mathur', 'Male', '$$', 'Summer', 'Office', 'Full Shirt', 'Blue', 'Pant', 'Blue', 'Rectangle', 'Black', 'Wheatish'),
('divyamdudeja820@gmail.com', 'Divyam', 'Dudeja', 'Male', '$$$', 'Summer', 'Party', 'Full Shirt', 'Black', 'Jeans', 'Black', 'Rectangle', 'Black', 'Fair'),
('kkhn08@gmail.com', 'Kaustubh', 'Khandelwal', 'Male', '$$', 'Summer', 'Casual', 'Half Tshirt', 'Black', 'Jeans', 'Blue', 'Rectangle', 'Black', 'Wheatish'),
('anujb22000@yahoo.com', 'Anuj', 'Goel', 'Male', '?', 'Summer', 'Casual', 'Half Shirt', 'Pink', 'Jeans', 'Blue', 'Oval', 'Brown', 'Fair'),
('sidhiridhigoel@gmail.com', 'Sidhi', 'Goel', 'Female', '$$$', 'Summer', 'Casual', 'Half Tshirt', 'Pink', 'Jeans', 'Black', 'Oval', 'Black', 'Fair'),
('ridhigoel@gmail.com', 'Ridhi', 'Goel', 'Female', '$$$', 'Summer', 'Casual', 'Half Tshirt', 'White', 'Shorts', 'Blue', 'Oval', 'Black', 'Fair'),
('ahi.anurag@gmail.com', 'Anurag', 'Ahi', 'Male', '$', 'Winter', 'Party', 'Full Shirt', 'Blue', 'Pant', 'Black', 'Rectangle', 'Black', 'Fair'),
('danielpeters233@gmail.com', 'Daniel', 'Peter', 'Male', '$', 'Summer', 'Wedding', 'Half Shirt', 'Red', 'Jeans', 'Blue', 'Inverted triangle', 'Black', 'Fair'),
('adi.chauhan17@gmail.com', 'Aditya', 'Chauhan', 'Male', '$$', 'Summer', 'Party', 'Full Shirt', 'White', 'Jeans', 'Blue', 'Inverted triangle', 'Black', 'Wheatish'),
('sudeep.rocks.30@gmail.com', 'Sudeep', 'Sinha', 'Female', '$', 'Summer', 'Casual', 'Half Tshirt', 'Black', 'Jeans', 'Black', 'Rectangle', 'Black', 'Wheatish'),
('durejaatul98@yahoo.in', 'Atul', 'Dureja', 'Male', '$', 'Summer', 'Casual', 'Coat', 'Black', 'Pant', 'Blue', 'Triangle', 'Brown', 'Fair'),
('mail2hinarao@gmail.com', 'Hina', 'Yadav', 'Female', '$', 'Winter', 'Casual', 'Half Tshirt', 'White', 'Jeans', 'Black', 'Trapezoid', 'Brown', 'Fair'),
('sonipooja1496@gmail.com', 'Pooja', 'Soni', 'Female', '$', 'Summer', 'Wedding', 'Kurta', 'Brown', 'Pant', 'Brown', 'Trapezoid', 'Brown', 'Wheatish'),
('ritvikasingh912@gmail.com', 'RITVIKA', 'SINGH', 'Female', '$', 'Summer', 'Casual', 'Kurta', 'Blue', 'Jeans', 'Blue', 'Rectangle', 'Black', 'Wheatish'),
('mania6.10.1@gmail.com', 'Manisha', 'Sharma', 'Female', '$$', 'Summer', 'Casual', 'Full Tshirt', 'Black', 'Jeans', 'Black', 'Triangle', 'Black', 'Fair'),
('ritishakothari1998@gmail.com', 'Ritisha', 'Kothari', 'Female', '$$', 'Summer', 'Party', 'Half Tshirt', 'Black', 'Shorts', 'Black', 'Rectangle', 'Black', 'Wheatish'),
('7aakashjain@gmail.com', 'Aakash', 'Jain', 'Male', '?', 'Summer', 'Casual', 'Kurta', 'Black', 'Pyjama', 'Black', 'Rectangle', 'Black', 'Wheatish'),
('anjalinyati13@gmail.com', 'Anjali', 'Nyati', 'Female', '$', 'Winter', 'Casual', 'Half Tshirt', 'Red', 'Shorts', 'Blue', 'Rectangle', 'Brown', 'Wheatish'),
('latika060@gmail.com', 'Latika', 'Kharbanda', 'Female', '$$', 'Summer', 'Party', 'Half Tshirt', 'Red', 'Jeans', 'Black', 'Rectangle', 'Black', 'Fair'),
('priyankapandey131996@gmail.com', 'Priyanka ', 'Pandey ', 'Female', '?', 'Summer', 'Casual', 'Kurta', 'Red', 'Jeans', 'Black', 'Trapezoid', 'Black', 'Fair'),
('amishakabra06@gmail.com', 'Amisha', 'Kabra', 'Female', '$$', 'Winter', 'Casual', 'Full Shirt', 'Black', 'Jeans', 'Black', 'Rectangle', 'Brown', 'Fair'),
('vaishnaviajmera22@gmail.com', 'Vaishnavi', 'Ajmera', 'Female', '$$', 'Winter', 'Office', 'Full Shirt', 'Black', 'Jeans', 'Black', 'Rectangle', 'Brown', 'Fair'),
('Samyataneja@gmail.com', 'SAMYA', 'Taneja', 'Female', '$', 'Summer', 'Office', 'Full Shirt', 'Black', 'Pant', 'Grey', 'Inverted triangle', 'Brown', 'Fair'),
('spooky.sakshi26@gnsil.com', 'Sakshi', 'Agarwal', 'Female', '$$$', 'Summer', 'Casual', 'Half Shirt', 'White', 'Pant', 'Brown', 'Trapezoid', 'Black', 'Wheatish'),
('radhikaduggal4@gmail.com', 'Radhika', 'Duggal', 'Female', '?', 'Winter', 'Casual', 'Half Tshirt', 'Pink', 'Shorts', 'Black', 'Inverted triangle', 'Brown', 'Fair'),
('vidushia96@gmail.com', 'vidushi', 'Agrawal', 'Female', '?', 'Summer', 'Casual', 'Full Tshirt', 'Black', 'Jeans', 'Blue', 'Oval', 'Black', 'Fair'),
('htpayal@gmail.com', 'Harsh', 'Payal', 'Male', '$$$', 'Summer', 'Casual', 'Full Shirt', 'Black', 'Jeans', 'Blue', 'Rectangle', 'Black', 'Wheatish'),
('anandkashish1@gmail.com', 'kashish ', 'anand ', 'Male', '$$', 'Summer', 'Casual', 'Full Shirt', 'Blue', 'Pant', 'Black', 'Trapezoid', 'Black', 'Wheatish'),
('punu474@gmail.com', 'Puneet', 'Jain', 'Male', '$', 'Winter', 'Casual', 'Half Tshirt', 'White', 'Jeans', 'Blue', 'Trapezoid', 'Black', 'Fair'),
('mishasachdeva@gmail.com', 'Ammy', 'Sachdeva', 'Female', '$$', 'Summer', 'Party', 'Half Tshirt', 'White', 'Jeans', 'Black', 'Triangle', 'Brown', 'Fair'),
('anshul.arya.aa@gmail.com', 'DIVYANSHU', 'ARYA ', 'Male', '?', 'Summer', 'Casual', 'Full Shirt', 'Black', 'Jeans', 'Grey', 'Trapezoid', 'Black', 'Wheatish'),
('anshujagetiya@gmail.com', 'anshu', 'jagetiya', 'Female', '?', 'Summer', 'Casual', 'Full Shirt', 'Blue', 'Jeans', 'Black', 'Inverted triangle', 'Black', 'Fair'),
('yashgeel99@gmail.com', 'Yash', 'Geel', 'Male', '$$', 'Winter', 'Party', 'Jacket', 'Black', 'Jeans', 'Black', 'Rectangle', 'Black', 'Wheatish'),
('devashish.satija38@gmail.com', 'DEVASHISH', 'SATIJA', 'Male', '$', 'Summer', 'Casual', 'Half Tshirt', 'Black', 'Jeans', 'Brown', 'Oval', 'Black', 'Wheatish'),
('swadhadt2925@gmail.com', 'Swadha ', 'Dixit ', 'Female', '$$$', 'Summer', 'Casual', 'Kurta', 'Black', 'Jeans', 'Blue', 'Trapezoid', 'Black', 'Wheatish'),
('vg9711013732@gmail.com', 'Vidhi', 'Gautam', 'Female', '$', 'Summer', 'Casual', 'Full Shirt', 'Black', 'Jeans', 'Black', 'Oval', 'Brown', 'Wheatish'),
('khushboogoel038@gmail.com', 'khushboo', 'goyal', 'Female', '$$$', 'Winter', 'Wedding', 'Half Tshirt', 'Black', 'Shorts', 'Blue', 'Inverted triangle', 'Brown', 'Fair'),
('rsb09061995@gmail.com', 'Rahul Singh ', 'Bhati', 'Male', '$$$', 'Summer', 'Wedding', 'Half Shirt', 'Pink', 'Jeans', 'Blue', 'Oval', 'Black', 'Dark'),
('monajindal2851995.mj@gmail.com', 'Monika', 'Jindal', 'Female', '$', 'Winter', 'Wedding', 'Jacket', 'Black', 'Shorts', 'Black', 'Inverted triangle', 'Black', 'Fair'),
('chauhanpriyanshi07@gmail.com', 'Priyanshi ', 'Chauhan', 'Female', '$', 'Summer', 'Casual', 'Half Shirt', 'Red', 'Shorts', 'Brown', 'Trapezoid', 'Brown', 'Fair'),
('akash12bhardwaj@gmail.com', 'Akash ', 'Bhardwaj', 'Male', '?', 'Summer', 'Wedding', 'Coat', 'Black', 'Pant', 'Black', 'Rectangle', 'Black', 'Wheatish'),
('nalinigoyal75@gmail.com', 'nalini', 'agarwal', 'Female', '$', 'Summer', 'Casual', 'Half Tshirt', 'Red', 'Shorts', 'Black', 'Inverted triangle', 'Black', 'Fair'),
('apurwag96@gmail.com', 'Apurva ', 'Gupta', 'Female', '$$$', 'Summer', 'Party', 'Half Tshirt', 'Black', 'Shorts', 'Black', 'Inverted triangle', 'Black', 'Fair'),
('markhedkar.vidhi@gmail.com', 'Vidhi', 'Markhedkar', 'Female', '$', 'Winter', 'Wedding', 'Kurta', 'Pink', 'Pyjama', 'Black', 'Inverted triangle', 'Black', 'Fair'),
('priyankajindal023@gmail.com', 'Priyanka', 'Jindal', 'Female', '$$$', 'Summer', 'Casual', 'Half Shirt', 'Black', 'Shorts', 'Blue', 'Trapezoid', 'Brown', 'Fair'),
('aaryaman02@gmail.com', 'Aryaman ', 'Agal', 'Male', '$$', 'Summer', 'Casual', 'Half Tshirt', 'Black', 'Jeans', 'Grey', 'Inverted triangle', 'Brown', 'Fair'),
('kaushikmaity13@gmail.com', 'Kaushik ', 'Maity', 'Male', '$$$', 'Winter', 'Party', 'Full Shirt', 'Blue', 'Jeans', 'Black', 'Rectangle', 'Black', 'Fair'),
('shraddhasharma3215@gmail.com', 'Shradha', 'Sharma', 'Female', '$', 'Summer', 'Party', 'Half Shirt', 'Black', 'Shorts', 'Black', 'Rectangle', 'Black', 'Fair'),
('shinchannohara845@gmail.com', 'Vedang', 'Shrivastava', 'Male', '$', 'Summer', 'Office', 'Full Shirt', 'Pink', 'Pant', 'Blue', 'Trapezoid', 'Black', 'Fair'),
('neelmadan12@gmail.com', 'neel', 'madan', 'Male', '$$', 'Summer', 'Casual', 'Half Tshirt', 'Blue', 'Shorts', 'Brown', 'Oval', 'Black', 'Wheatish'),
('vishakhashukla10@gmail.com', 'Vishakha', 'Shukla', 'Female', '$', 'Summer', 'Office', 'Full Shirt', 'White', 'Pant', 'Black', 'Oval', 'Black', 'Wheatish'),
('vishakhashukla10@gmail.com', 'Vishakha', 'Shukla', 'Female', '$', 'Summer', 'Office', 'Full Shirt', 'White', 'Pant', 'Black', 'Oval', 'Black', 'Wheatish'),
('lodhavatsal@gmail.com', 'Vatsal', 'Lodha', 'Male', '$$', 'Winter', 'Wedding', 'Full Shirt', 'Blue', 'Shorts', 'Grey', 'Trapezoid', 'Black', 'Wheatish'),
('pranavisharma2000@gmail.com', 'Pranavi ', 'Sharma ', 'Female', '$$$', 'Summer', 'Casual', 'Half Tshirt', 'Black', 'Pyjama', 'Black', 'Trapezoid', 'Brown', 'Fair'),
('dhananjay.14jiec019@jietjodhpur.ac.in', 'dhananjay', 'pandey', 'Male', '?', 'Summer', 'Casual', 'Half Shirt', 'Black', 'Jeans', 'Brown', 'Trapezoid', 'Black', 'Fair'),
('rishija.chaturvedi@gmail.com', 'Rishija', 'Chaturvedi', 'Female', '$$', 'Summer', 'Casual', 'Half Tshirt', 'Brown', 'Shorts', 'Blue', 'Trapezoid', 'Brown', 'Wheatish'),
('anitasahu1130@gmail.com', 'Anita', 'Sahu', 'Female', '$$', 'Summer', 'Casual', 'Full Tshirt', 'Black', 'Jeans', 'Blue', 'Trapezoid', 'Brown', 'Fair'),
('swastigarg12@gmail.com', 'Swasti', 'Garg', 'Female', '$$', 'Summer', 'Party', 'Jacket', 'Black', 'Jeans', 'Black', 'Triangle', 'Brown', 'Wheatish'),
('amansingh10197@gmail.com', 'Aman', 'Singh', 'Male', '$', 'Summer', 'Casual', 'Full Shirt', 'Blue', 'Jeans', 'Black', 'Inverted triangle', 'Brown', 'Wheatish'),
('amansingh10197@gmail.com', 'Aman', 'Singh', 'Male', '$', 'Summer', 'Casual', 'Full Shirt', 'Blue', 'Jeans', 'Black', 'Inverted triangle', 'Brown', 'Wheatish'),
('lodhavatsal@gmail.com', 'Vatsal', 'Lodha', 'Male', '$$', 'Winter', 'Wedding', 'Full Shirt', 'Blue', 'Shorts', 'Grey', 'Trapezoid', 'Black', 'Wheatish'),
('suryanshiadaniya@gmail.com', 'Suryanshi', 'Adaniya', 'Female', '$$', 'Summer', 'Casual', 'Full Tshirt', 'Blue', 'Jeans', 'Black', 'Trapezoid', 'Black', 'Wheatish'),
('dikshataneja81@gmail.com', 'Diksha', 'Taneja', 'Female', '$$', 'Summer', 'Casual', 'Kurta', 'White', 'Pant', 'Grey', 'Rectangle', 'Black', 'Wheatish'),
('tanviagarwal0604@gmail.com', 'Tanvi', 'Agarwal', 'Female', '?', 'Summer', 'Party', 'Kurta', 'White', 'Pyjama', 'Black', 'Inverted triangle', 'Black', 'Fair'),
('kanishkajaroli1204@gmail.com', 'Kanishka', 'Jaroli', 'Female', '$', 'Summer', 'Wedding', 'Kurta', 'Pink', 'Shorts', 'Black', 'Trapezoid', 'Brown', 'Fair'),
('kajalgoel469@gmail.com', 'Kajal', 'Goel', 'Female', '$$$', 'Summer', 'Casual', 'Half Shirt', 'Red', 'Jeans', 'Black', 'Oval', 'Brown', 'Wheatish'),
('sshalu0081@gmail.com', 'Hriday', 'Sachdeva', 'Male', '?', 'Winter', 'Party', 'Jacket', 'Blue', 'Jeans', 'Black', 'Inverted triangle', 'Black', 'Fair'),
('himanshinagrath@yahoo.com', 'Himanshi', 'Nagrath', 'Female', '?', 'Summer', 'Party', 'Half Shirt', 'Blue', 'Shorts', 'Blue', 'Trapezoid', 'Brown', 'Fair'),
('dhruvanand14@gmail.com', 'Dhruv', 'Anand', 'Male', '$', 'Summer', 'Wedding', 'Half Shirt', 'Black', 'Jeans', 'Black', 'Trapezoid', 'Black', 'Fair'),
('shantandhupar@gmail.com', 'Shantan ', 'Dhupar ', 'Male', '$', 'Summer', 'Party', 'Full Shirt', 'Blue', 'Pant', 'Black', 'Rectangle', 'Black', 'Fair'),
('nidhisehgalq@yahoo.co.in', 'Nidhi', 'Sehgal', 'Female', '$', 'Summer', 'Party', 'Jacket', 'Red', 'Jeans', 'Black', 'Inverted triangle', 'Brown', 'Fair'),
('pandey.swapnil96@gmail.com', 'Swapnil ', 'Pandey', 'Male', '$$', 'Summer', 'Casual', 'Full Shirt', 'Black', 'Jeans', 'Black', 'Rectangle', 'Black', 'Wheatish'),
('shivanya12@gmail.com', 'Shivanya', 'Narang', 'Female', '$$', 'Summer', 'Party', 'Full Shirt', 'Black', 'Jeans', 'Blue', 'Rectangle', 'Brown', 'Fair'),
('csanjay159@gmail.com', 'Sanjay ', 'Choudhary', 'Male', '$$', 'Winter', 'Wedding', 'Full Shirt', 'Black', 'Jeans', 'Black', 'Inverted triangle', 'Black', 'Fair'),
('pandey.swapnil96@gmail.com', 'Swapnil ', 'Pandey', 'Male', '$$', 'Summer', 'Casual', 'Full Shirt', 'Black', 'Jeans', 'Black', 'Rectangle', 'Black', 'Wheatish'),
('anuj78.singh@gmail.com', 'Anuj', 'Singh', 'Male', '$$', 'Summer', 'Casual', 'Half Tshirt', 'Black', 'Shorts', 'Grey', 'Trapezoid', 'Black', 'Dark'),
('shubhamgogia85@gma.com', 'Shubham', 'Gogia', 'Male', '$', 'Winter', 'Party', 'Jacket', 'Black', 'Jeans', 'Brown', 'Trapezoid', 'Black', 'Fair'),
('myselfmongu@gmail.com', 'Satyam', 'Mongia', 'Male', '$$', 'Winter', 'Casual', 'Full Shirt', 'White', 'Jeans', 'Black', 'Oval', 'Black', 'Fair'),
('satyam.mongia21@gmail.com', 'satyam', 'mongia', 'male', '$$$', 'Winter', 'Casual', 'Half Shirt', 'Black', 'Jeans', 'Blue', 'Rectangle', 'Brown', 'Wheatish'),
('satyam.mongia21@gmail.com', 'satyam', 'mongia', 'male', '$$$', 'Winter', 'Casual', 'Half Shirt', 'Black', 'Jeans', 'Blue', 'Rectangle', 'Brown', 'Wheatish'),
('satyam.mongia21@gmail.com', 'satyam', 'mongia', 'male', '$$$', 'Winter', 'Casual', 'Half Shirt', 'Black', 'Jeans', 'Blue', 'Rectangle', 'Brown', 'Wheatish'),
('satyam.mongia21@gmail.com', 'satyam', 'mongia', 'male', '$$$', 'Winter', 'Casual', 'Half Shirt', 'Black', 'Jeans', 'Blue', 'Rectangle', 'Brown', 'Wheatish'),
('satyam.mongia21@gmail.com', 'satyam', 'mongia', 'male', '$$$', 'Winter', 'Casual', 'Half Shirt', 'Black', 'Jeans', 'Blue', 'Rectangle', 'Brown', 'Wheatish'),
('satyam.mongia21@gmail.com', 'satyam', 'mongia', 'male', '$$$', 'Winter', 'Casual', 'Half Shirt', 'Black', 'Jeans', 'Blue', 'Rectangle', 'Brown', 'Wheatish'),
('satyam.mongia21@gmail.com', 'satyam', 'mongia', 'male', '$$$', 'Winter', 'Casual', 'Half Shirt', 'Black', 'Jeans', 'Blue', 'Rectangle', 'Brown', 'Wheatish');
INSERT INTO `dataset` (`Username`, `Fname`, `Lname`, `Gender`, `Budget`, `Season`, `Occasion`, `Top`, `Top_colour`, `Bottom`, `Bottom_colour`, `Body_type`, `Hair`, `skin`) VALUES
('satyam.mongia21@gmail.com', 'satyam', 'mongia', 'male', '$$$', 'Winter', 'Casual', 'Half Shirt', 'Black', 'Jeans', 'Blue', 'Rectangle', 'Brown', 'Wheatish'),
('ayushman264@gmail.com', 'Ayushman', 'Mittal', 'male', '$$$', 'Winter', 'Office', 'Full Shirt', 'Black', 'Jeans', 'Black', 'Inverted Triangle', 'Black', 'Wheatish'),
('ayushman264@gmail.com', 'Ayushman', 'Mittal', 'male', '$$$', 'Winter', 'Office', 'Full Shirt', 'Black', 'Jeans', 'Black', 'Inverted Triangle', 'Black', 'Wheatish'),
('ayushman264@gmail.com', 'Ayushman', 'Mittal', 'male', '$$$', 'Winter', 'Office', 'Full Shirt', 'Black', 'Jeans', 'Black', 'Inverted Triangle', 'Black', 'Wheatish'),
('ayushman264@gmail.com', 'Ayushman', 'Mittal', 'male', '$$$', 'Winter', 'Office', 'Full Shirt', 'Black', 'Jeans', 'Black', 'Inverted Triangle', 'Black', 'Wheatish'),
('ayushman264@gmail.com', 'Ayushman', 'Mittal', 'male', '$$$', 'Winter', 'Office', 'Full Shirt', 'Black', 'Jeans', 'Black', 'Inverted Triangle', 'Black', 'Wheatish'),
('ayushman264@gmail.com', 'Ayushman', 'Mittal', 'male', '$$$', 'Winter', 'Office', 'Full Shirt', 'Black', 'Jeans', 'Black', 'Inverted Triangle', 'Black', 'Wheatish'),
('ayushman264@gmail.com', 'Ayushman', 'Mittal', 'male', '$$$', 'Winter', 'Office', 'Full Shirt', 'Black', 'Jeans', 'Black', 'Inverted Triangle', 'Black', 'Wheatish'),
('ayushman264@gmail.com', 'Ayushman', 'Mittal', 'male', '$$$', 'Winter', 'Office', 'Full Shirt', 'Black', 'Jeans', 'Black', 'Inverted Triangle', 'Black', 'Wheatish'),
('ayushman264@gmail.com', 'Ayushman', 'Mittal', 'male', '$$$', 'Winter', 'Office', 'Full Shirt', 'Black', 'Jeans', 'Black', 'Inverted Triangle', 'Black', 'Wheatish'),
('ayushman264@gmail.com', 'Ayushman', 'Mittal', 'male', '$$$', 'Winter', 'Office', 'Full Shirt', 'Black', 'Jeans', 'Black', 'Inverted Triangle', 'Black', 'Wheatish'),
('ayushman264@gmail.com', 'Ayushman', 'Mittal', 'male', '$$$', 'Winter', 'Office', 'Full Shirt', 'Black', 'Jeans', 'Black', 'Inverted Triangle', 'Black', 'Wheatish'),
('ayushman264@gmail.com', 'Ayushman', 'Mittal', 'male', '$$$', 'Winter', 'Office', 'Full Shirt', 'Black', 'Jeans', 'Black', 'Inverted Triangle', 'Black', 'Wheatish'),
('ayushman264@gmail.com', 'Ayushman', 'Mittal', 'male', '$$$', 'Winter', 'Office', 'Full Shirt', 'Black', 'Jeans', 'Black', 'Inverted Triangle', 'Black', 'Wheatish'),
('ayushman264@gmail.com', 'Ayushman', 'Mittal', 'male', '$$$', 'Winter', 'Office', 'Full Shirt', 'Black', 'Jeans', 'Black', 'Inverted Triangle', 'Black', 'Wheatish'),
('ayushman264@gmail.com', 'Ayushman', 'Mittal', 'male', '$$$', 'Winter', 'Office', 'Full Shirt', 'Black', 'Jeans', 'Black', 'Inverted Triangle', 'Black', 'Wheatish'),
('ayushman264@gmail.com', 'Ayushman', 'Mittal', 'male', '$$$', 'Winter', 'Office', 'Full Shirt', 'Black', 'Jeans', 'Black', 'Inverted Triangle', 'Black', 'Wheatish'),
('ayushman264@gmail.com', 'Ayushman', 'Mittal', 'male', '$$$', 'Winter', 'Office', 'Full Shirt', 'Black', 'Jeans', 'Black', 'Inverted Triangle', 'Black', 'Wheatish'),
('ayushman264@gmail.com', 'Ayushman', 'Mittal', 'male', '$', 'Winter', 'Casual', 'Full Shirt', 'Black', 'Jeans', 'Black', 'Inverted Triangle', 'Black', 'Fair'),
('satyam.mongia21@gmail.com', 'satyam', 'mongia', 'male', '$$$', 'Summer', 'Party', 'Half Shirt', 'Black', 'Jeans', 'Black', 'Rectangle', 'Brown', 'Wheatish'),
('ayushman264@gmail.com', 'Ayushman', 'Mittal', 'male', '$$$', 'Winter', 'Party', 'Half Shirt', 'Black', 'Jeans', 'Black', 'Rectangle', 'Brown', 'Wheatish'),
('ayushman264@gmail.com', 'Ayushman', 'Mittal', 'male', '$$$', 'Winter', 'Party', 'Half Shirt', 'Black', 'Jeans', 'Black', 'Rectangle', 'Brown', 'Wheatish'),
('ayushman264@gmail.com', 'Ayushman', 'Mittal', 'male', '$$$', 'Winter', 'Casual', 'Full Shirt', 'Black', 'Jeans', 'Blue', 'Oval', 'Black', 'Fair'),
('ayushman264@gmail.com', 'Ayushman', 'Mittal', 'male', '$$$', 'Winter', 'Casual', 'Full Shirt', 'Black', 'Jeans', 'Blue', 'Oval', 'Black', 'Fair'),
('ayushman264@gmail.com', 'Ayushman', 'Mittal', 'male', '$$$', 'Winter', 'Casual', 'Full Shirt', 'Black', 'Jeans', 'Blue', 'Oval', 'Black', 'Fair'),
('ayushman264@gmail.com', 'Ayushman', 'Mittal', 'male', '$$$', 'Winter', 'Casual', 'Full Shirt', 'Black', 'Jeans', 'Blue', 'Oval', 'Black', 'Fair'),
('ayushman264@gmail.com', 'Ayushman', 'Mittal', 'male', '$$$', 'Winter', 'Casual', 'Full Shirt', 'Black', 'Jeans', 'Blue', 'Oval', 'Black', 'Fair'),
('ayushman264@gmail.com', 'Ayushman', 'Mittal', 'male', '$$$', 'Winter', 'Casual', 'Full Shirt', 'Black', 'Jeans', 'Blue', 'Oval', 'Black', 'Fair'),
('ayushman264@gmail.com', 'Ayushman', 'Mittal', 'male', '$$$', 'Winter', 'Casual', 'Full Shirt', 'Black', 'Jeans', 'Blue', 'Oval', 'Black', 'Fair'),
('ayushman264@gmail.com', 'Ayushman', 'Mittal', 'male', '$$$', 'Winter', 'Casual', 'Full Shirt', 'Black', 'Jeans', 'Blue', 'Oval', 'Black', 'Fair'),
('ayushman264@gmail.com', 'Ayushman', 'Mittal', 'male', '$$$', 'Summer', 'Casual', 'Full Shirt', 'Black', 'Jeans', 'Black', 'Inverted Triangle', 'Black', 'Wheatish'),
('ayushman264@gmail.com', 'Ayushman', 'Mittal', 'male', '$$', 'Winter', 'Casual', 'Full Shirt', 'Black', 'Jeans', 'Black', 'Inverted Triangle', 'Brown', 'Wheatish'),
('ayushman264@gmail.com', 'Ayushman', 'Mittal', 'male', '$$', 'Winter', 'Casual', 'Full Shirt', 'Black', 'Jeans', 'Black', 'Inverted Triangle', 'Brown', 'Wheatish'),
('ayushman264@gmail.com', 'Ayushman', 'Mittal', 'male', '$$', 'Winter', 'Casual', 'Full Shirt', 'Black', 'Jeans', 'Black', 'Inverted Triangle', 'Brown', 'Wheatish'),
('ayushman264@gmail.com', 'Ayushman', 'Mittal', 'Male', '$$ ', 'Winter ', 'Office ', '', '', '', '', 'Inverted Triangle ', 'Black ', 'Wheatish '),
('ayushman264@gmail.com', 'Ayushman', 'Mittal', 'Male', '$$', 'Winter', 'Office', 'Full Shirt', 'Black', 'Jeans', 'Black', 'Inverted Triangle', 'Black', 'Wheatish'),
('ayushman264@gmail.com', 'Ayushman', 'Mittal', 'Male', '$$ ', 'Winter ', 'Office ', '', '', '', '', 'Inverted Triangle ', 'Black ', 'Wheatish '),
('ayushman264@gmail.com', 'Ayushman', 'Mittal', 'Male', '$$', 'Winter', 'Office', 'Full Shirt', 'Black', 'Jeans', 'Black', 'Inverted Triangle', 'Black', 'Wheatish'),
('ayushman264@gmail.com', 'Ayushman', 'Mittal', 'Male', '', '', '', 'Full Tshirt', 'Brown', 'Pyjama', 'Brown', '', '', ''),
('ayushman264@gmail.com', 'Ayushman', 'Mittal', 'Male', '$ ', 'Summer ', 'Wedding ', 'Coat', 'Black', 'Pant', 'Black', 'Trapezoid ', 'Black ', 'Wheatish '),
('ayushman264@gmail.com', 'Ayushman', 'Mittal', 'Male', '$', 'Summer', 'Wedding', 'Coat', 'Black', 'Pant', 'Black', 'Trapezoid', 'Black', 'Wheatish'),
('ayushman264@gmail.com', 'Ayushman', 'Mittal', 'Male', '', '', '', 'Full Tshirt', 'Brown', 'Pyjama', 'Brown', '', '', ''),
('ayushman264@gmail.com', 'Ayushman', 'Mittal', 'Male', '', '', '', 'Full Tshirt', 'Brown', 'Pyjama', 'Brown', '', '', ''),
('ayushman264@gmail.com', 'Ayushman', 'Mittal', 'Male', '$', 'Summer', 'Wedding', 'Coat', 'Black', 'Pant', 'Black', 'Trapezoid', 'Black', 'Wheatish'),
('ayushman264@gmail.com', 'Ayushman', 'Mittal', 'Male', '', '', '', 'Full Tshirt', 'Brown', 'Pyjama', 'Brown', '', '', ''),
('ayushman264@gmail.com', 'Ayushman', 'Mittal', 'Male', '$', 'Summer', 'Wedding', 'Coat', 'Black', 'Pant', 'Black', 'Trapezoid', 'Black', 'Wheatish'),
('ayushman264@gmail.com', 'Ayushman', 'Mittal', 'Male', '$', 'Summer', 'Wedding', 'Coat', 'Black', 'Pant', 'Black', 'Trapezoid', 'Black', 'Wheatish'),
('ayushman264@gmail.com', 'Ayushman', 'Mittal', 'Male', '', '', '', 'Full Tshirt', 'Brown', 'Pyjama', 'Brown', '', '', ''),
('ayushman264@gmail.com', 'Ayushman', 'Mittal', 'Male', '$$', 'Winter', 'Office', 'Full Shirt', 'Black', 'Jeans', 'Black', 'Inverted Triangle', 'Black', 'Wheatish'),
('ayushman264@gmail.com', 'Ayushman', 'Mittal', 'Male', '$$', 'Winter', 'Office', 'Full Shirt', 'Black', 'Jeans', 'Black', 'Inverted Triangle', 'Black', 'Wheatish'),
('ayushman264@gmail.com', 'Ayushman', 'Mittal', 'Male', '$$', 'Winter', 'Office', 'Full Shirt', 'Black', 'Jeans', 'Black', 'Inverted Triangle', 'Black', 'Wheatish'),
('ayushman264@gmail.com', 'Ayushman', 'Mittal', 'Male', '$$', 'Winter', 'Office', 'Full Shirt', 'Black', 'Jeans', 'Black', 'Inverted Triangle', 'Black', 'Wheatish'),
('ayushman264@gmail.com', 'Ayushman', 'Mittal', 'Male', '$$', 'Summer', 'Wedding', 'Full Shirt', 'Black', 'Jeans', 'Black', 'Inverted Triangle', 'Black', 'Wheatish'),
('ayushman264@gmail.com', 'Ayushman', 'Mittal', 'male', '$$', 'Summer', 'Office', 'Full Shirt', 'Black', 'Jeans', 'Black', 'Trapezoid', 'Black', 'Wheatish');

-- --------------------------------------------------------

--
-- Table structure for table `login`
--

CREATE TABLE IF NOT EXISTS `login` (
  `id` int(100) NOT NULL AUTO_INCREMENT,
  `Fname` varchar(100) NOT NULL,
  `Lname` varchar(100) NOT NULL,
  `Email` varchar(100) NOT NULL,
  `pass` varchar(100) NOT NULL,
  `gender` varchar(10) NOT NULL,
  PRIMARY KEY (`Fname`),
  UNIQUE KEY `id` (`id`)
) ENGINE=MyISAM  DEFAULT CHARSET=latin1 AUTO_INCREMENT=10 ;

--
-- Dumping data for table `login`
--

INSERT INTO `login` (`id`, `Fname`, `Lname`, `Email`, `pass`, `gender`) VALUES
(1, 'admin', 'admin', 'admin', 'admin', ''),
(9, 'Ayushman', 'Mittal', 'ayushman264@gmail.com', '1234', 'Male'),
(8, 'satyam', 'mongia', 'satyam.mongia21@gmail.com', '1234', 'male');

-- --------------------------------------------------------

--
-- Table structure for table `smalldataset`
--

CREATE TABLE IF NOT EXISTS `smalldataset` (
  `Username` varchar(37) DEFAULT NULL,
  `Fname` varchar(12) DEFAULT NULL,
  `Lname` varchar(11) DEFAULT NULL,
  `Gender` varchar(6) DEFAULT NULL,
  `Season` varchar(36) DEFAULT NULL,
  `Occasion` varchar(18) DEFAULT NULL,
  `Top` varchar(58) DEFAULT NULL,
  `Bottom` varchar(62) DEFAULT NULL,
  `skin` varchar(15) DEFAULT NULL
) ENGINE=MyISAM DEFAULT CHARSET=utf8;

--
-- Dumping data for table `smalldataset`
--

INSERT INTO `smalldataset` (`Username`, `Fname`, `Lname`, `Gender`, `Season`, `Occasion`, `Top`, `Bottom`, `skin`) VALUES
('ayushman264@gmail.com', 'Ayushmaan', 'Mittal', 'Male', 'Summer', 'Casual', 'Full Tshirt', 'Jeans', 'Wheatish'),
('vaibhav.s2196@gmail.com', 'Vaibhav', 'Sharma', 'Male', 'Winter', 'Office', 'Full Tshirt', 'Jeans', 'Wheatish'),
('Nitinthakur5654@gmail.com', 'Nitin', 'Thakur', 'Male', 'Winter', 'Casual', 'Half Shirt', 'Jeans', 'Fair'),
('ankur.shishodia688@gmail.com', 'Ankur', 'Shishodia', 'Male', 'Winter', 'Office', 'Full Shirt', 'Jeans', 'Fair'),
('smahendru101@gmail.com', 'Shivam', 'Mahendru', 'Male', 'Summer', 'Casual', 'Half Tshirt', 'Pyjama', 'Wheatish'),
('shaillyfastfive13@gmail.com', 'shailly', 'gupta', 'Female', 'Summer', 'Casual', 'Jacket', 'Shorts', 'Wheatish'),
('manvi.trehan@yahoo.com', 'manvi', 'trehan', 'Female', 'Summer', 'Casual', 'Half Shirt', 'Jeans', 'Wheatish'),
('akshayupreti09@gmail.com', 'Akshay', 'Upreti', 'Male', 'Summer', 'Casual', 'Half Tshirt', 'Jeans', 'Dark'),
('1shusingh123@gmail.com', 'Krishna', 'Singh', 'Male', 'Summer', 'Wedding', 'Kurta', 'Pyjama', 'Fair'),
('sandeepsingh211097@gmail.com', 'Sandeep ', 'Singh', 'Male', 'Winter', 'Party', 'Jacket', 'Pant', 'Fair'),
('souravaswal07@gmail.com', 'Sourav', 'Aswal', 'Male', 'Summer', 'Casual', 'Half Tshirt', 'Jeans', 'Wheatish'),
('jiit.yashjoshi@gmail.com', 'Yash', 'Joshi', 'Male', 'Summer', 'Casual', 'Half Tshirt', 'Jeans', 'Wheatish'),
('ssshivamsingh4@gmail.com', 'Shivam', 'Singh', 'Male', 'Summer', 'Casual', 'Full Shirt', 'Jeans', 'Wheatish'),
('Shrutikohli11@gmail.com', 'Shruti ', 'Kohli ', 'Female', 'Summer', 'Casual', 'Half Tshirt', 'Jeans', 'Wheatish'),
('arushig11@gmail.com', 'Arushi', 'Gupta', 'Female', 'Summer', 'Casual', 'Full Tshirt', 'Jeans', 'Fair'),
('akanksharya2181996@gmail.com', 'Akanksha', 'Arya', 'Female', 'Summer', 'Casual', 'Half Tshirt', 'Jeans', 'Fair'),
('racerranger@gmail.com', 'Dhruv', 'Raghav', 'Male', 'Summer', 'Casual', 'Half Tshirt', 'Jeans', 'Wheatish'),
('isha11bansal@gmail.com', 'Isha', 'Bansal', 'Female', 'Summer', 'Casual', 'Half Tshirt', 'Jeans', 'Wheatish'),
('sundeepgupta76@gmail.com', 'Sundeep', 'Gupta', 'Male', 'Summer', 'Wedding', 'Coat', 'Pant', 'Fair'),
('saurabh.cse.msit@gmail.com', 'Saurabh', 'Gupta', 'Male', 'Summer', 'Casual', 'Full Shirt', 'Pant', 'Fair'),
('shahrukhanwar2013@gmail.com', 'Shahrukh', 'Anwar', 'Male', 'Summer', 'Casual', 'Full Shirt', 'Pant', 'Wheatish'),
('shubham0819@gmail.com', 'Shubham', 'Kumar', 'Male', 'Summer', 'Casual', 'Full Shirt', 'Jeans', 'Fair'),
('dashingakaul123@gmail.com', 'Arjun', 'Kaul', 'Male', 'Winter', 'Wedding', 'Full Shirt', 'Jeans', 'Fair'),
('kharbanda.manan2000@gmail.com', 'Manan', 'Kharbanda', 'Male', 'Summer', 'Party', 'Coat', 'Pant', 'Fair'),
('tanyatyagi028@gmail.com', 'Tanya', 'Tyagi', 'Female', 'Summer', 'Party', 'Coat', 'Jeans', 'Wheatish'),
('parmeetsingh_250@yahoo.com', 'Parmeet', 'Singh', 'Male', 'Summer', 'Casual', 'Full Shirt', 'Jeans', 'Fair'),
('yukti0607@gmail.com', 'Yukti', 'Joshi', 'Female', 'Summer', 'Office', 'Jacket', 'Pant', 'Fair'),
('anahatguron@gmail.com', 'Anahat', 'Guron', 'Female', 'Summer', 'Casual', 'Kurta', 'Pant', 'Wheatish'),
('divyamgoel2000@gmail.com', 'Divyam', 'Goel', 'Male', 'Summer', 'Casual', 'Full Shirt', 'Jeans', 'Fair'),
('yashchutia@joshi.com', 'Yash', 'Joshi', 'Female', 'Summer', 'Wedding', 'Jacket', 'Shorts', 'Dark'),
('kanika.gpta@gmail.com', 'Kanika', 'Gupta', 'Female', 'Summer', 'Casual', 'Half Tshirt', 'Jeans', 'Wheatish'),
('pallavikumar82@gmail.com', 'Pallavi', 'Kumar', 'Female', 'Summer', 'Party', 'Half Tshirt', 'Jeans', 'Fair'),
('pantpratyush96@gmail.com', 'Pratyush', 'Pant', 'Male', 'Summer', 'Casual', 'Full Shirt', 'Jeans', 'Fair'),
('vermaaman3009@gmail.com', 'Aman', 'Verma', 'Male', 'Summer', 'Casual', 'Half Tshirt', 'Jeans', 'Fair'),
('24mahakgupta@gmail.com', 'Mahak', 'Gupta', 'Female', 'Summer', 'Casual', 'Kurta', 'Jeans', 'Wheatish'),
('adi.chauhan17@gmail.com', 'Aditya', 'Chauhan', 'Male', 'Summer', 'Party', 'Full Shirt', 'Jeans', 'Wheatish'),
('chetanbhatt175@gmail.com', 'Chetan', 'Bhatt', 'Male', 'Summer', 'Casual', 'Half Tshirt', 'Shorts', 'Fair'),
('muskan.joshi1996@gmail.com', 'Muskan', 'Joshi', 'Female', 'Summer', 'Casual', 'Half Tshirt', 'Shorts', 'Fair'),
('divyamgoel2000@gmail.com', 'Divyam', 'Goel', 'Male', 'Summer', 'Party', 'Full Shirt', 'Pant', 'Dark'),
('rijakhora92@gmail.com', 'Rijak', 'Hora', 'Male', 'Summer', 'Casual', 'Half Tshirt', 'Jeans', 'Wheatish'),
('htyagi209@gmail.com', 'Harshit', 'Tyagi', 'Male', 'Summer', 'Party', 'Full Shirt', 'Jeans', 'Fair'),
('mayank691@gmail.com', 'Mayank', 'Chaturvedi', 'Male', 'Summer', 'Party', 'Full Shirt', 'Pant', 'Fair'),
('harshisinghal.hs@gmail.com', 'Harshi', 'Singhal', 'Female', 'Summer', 'Casual', 'Half Shirt', 'Jeans', 'Fair'),
('saumyajain34@gmail.com', 'saumya', 'jain', 'Female', 'Summer', 'Casual', 'Half Tshirt', 'Shorts', 'Fair'),
('radhikaarora1505@gmail.com', 'radhika', 'arora', 'Female', 'Summer', 'Party', 'Half Tshirt', 'Shorts', 'Fair'),
('dipesh.chaudhary657@gmail.com', 'Dipesh', 'Chaudhary', 'Male', 'Summer', 'Casual', 'Half Tshirt', 'Shorts', 'Fair'),
('sahugarima095@gmail.com', 'Garima', 'Sahu', 'Female', 'Summer', 'Casual', 'Half Tshirt', 'Jeans', 'Wheatish'),
('sanskritichhibber1998@gmail.com', 'Sanskriti', 'Chhibber', 'Female', 'Winter', 'Casual', 'Jacket', 'Jeans', 'Fair'),
('kapoormuskaan5@gmail.com', 'Muskaan', 'Kapoor', 'Female', 'Summer', 'Casual', 'Half Shirt', 'Jeans', 'Dark'),
('mverma96@gmail.com', 'Manish', 'Verma', 'Male', 'Summer', 'Casual', 'Full Shirt', 'Jeans', 'Wheatish'),
('shivil.bansal2004@gmail.com', 'Shubh', 'bansal', 'Male', 'Summer', 'Party', 'Full Shirt', 'Jeans', 'Fair'),
('ashuchugh64@gmail.com', 'ashu', 'chugh', 'Male', 'Summer', 'Casual', 'Full Tshirt', 'Jeans', 'Fair'),
('twesha354@gmail.com', 'twesha', 'thussu', 'Female', 'Summer', 'Casual', 'Half Tshirt', 'Pyjama', 'Fair'),
('priyanka.vncdu@gami.com', 'Priyanka ', 'Purohit', 'Female', 'Summer', 'Casual', 'Half Shirt', 'Jeans', 'Fair'),
('shubhamgogia85@gma.com', 'Shubham', 'Gogia', 'Male', 'Winter', 'Party', 'Jacket', 'Jeans', 'Fair'),
('info@kraftbling.com', 'Vikas', 'Gupta', 'Male', 'Summer', 'Office', 'Half Tshirt', 'Jeans', 'Wheatish'),
('rheabedi7@gmail.com', 'Rhea', 'Bedi', 'Female', 'Summer', 'Casual', 'Half Shirt', 'Shorts', 'Fair'),
('Diksharaina1995@gmail.com', 'Diksha ', 'Raina', 'Female', 'Summer', 'Party', 'Jacket', 'Jeans', 'Fair'),
('pranshugaur18.pg@gmail.com', 'Pranshu', 'Gaur', 'Female', 'Summer', 'Casual', 'Kurta', 'Jeans', 'Fair'),
('ayushinyati@gmail.com', 'ayushi', 'nyati', 'Female', 'Summer', 'Wedding', 'Kurta', 'Jeans', 'Wheatish'),
('deeksha14@hotmail.com', 'Deeksha ', 'Arora', 'Female', 'Summer', 'Casual', 'Full Tshirt', 'Pyjama', 'Fair'),
('rockingragz09@gmail.com', 'Raghu', 'Tata', 'Male', 'Summer', 'Wedding', 'Half Tshirt', 'Jeans', 'Fair'),
('muskansharma1133@gmail.com', 'Muskaan ', 'Sharma', 'Female', 'Winter', 'Casual', 'Jacket', 'Jeans', 'Fair'),
('shreshtha98@gmail.com', 'Shreshtha ', 'Singh', 'Female', 'Summer', 'Casual', 'Half Tshirt', 'Pyjama', 'Fair'),
('youjjwalkumar@gmail.com', 'Ujjwal', 'Kumar', 'Male', 'Summer', 'Party', 'Half Tshirt', 'Jeans', 'Wheatish'),
('veeranchita@gmail.com', 'Anchita', 'Veer', 'Female', 'Summer', 'Casual', 'Half Tshirt', 'Shorts', 'Wheatish'),
('sahniaman40@gmail.com', 'Aman', 'Sahni', 'Male', 'Winter', 'Casual', 'Jacket', 'Jeans', 'Fair'),
('simransagitarius@gmail.com', 'Simran', 'Sachdeva', 'Female', 'Summer', 'Casual', 'Half Shirt', 'Jeans', 'Fair'),
('thebikerabhishek@gmail.com', 'Abhishek', 'Soni', 'Male', 'Summer', 'Casual', 'Half Tshirt', 'Shorts', 'Wheatish'),
('tejaswinishaktawat@gmail.com', 'Tejaswini', 'Shaktawat', 'Female', 'Summer', 'Casual', 'Half Tshirt', 'Shorts', 'Wheatish'),
('vaishnavichaudhary.b333@gmail.com', 'Vaishnavi', 'Chaudhary', 'Female', 'Summer', 'Casual', 'Half Tshirt', 'Shorts', 'Fair'),
('Adarshchadha2@gmail.com', 'Adarsh 	', 'Chadha', 'Male', 'Summer', 'Casual', 'Half Shirt', 'Jeans', 'Fair'),
('mehaksethi31@gmail.com', 'Mehak', 'Sethi', 'Female', 'Summer', 'Wedding', 'Kurta', 'Pyjama', 'Fair'),
('itzapoorva23@gmail.com', 'Apoorva', 'G', 'Female', 'Summer', 'Party', 'Half Shirt', 'Shorts', 'Wheatish'),
('tanyasirohi214@gmail.com', 'Tanya ', 'Sirohi ', 'Female', 'Summer', 'Casual', 'Half Tshirt', 'Jeans', 'Wheatish'),
('gakhar.radhika99@yahoo.com', 'radhika', 'gakhar', 'Female', 'Summer', 'Party', 'Jacket', 'Jeans', 'Fair'),
('shivi3011@gmail.com', 'Shivani ', 'Sharma ', 'Female', 'Winter', 'Casual', 'Full Shirt', 'Jeans', 'Wheatish'),
('deepanshusharma158585@gmail.com', 'Deepanshu', 'Sharma', 'Male', 'Summer', 'Party', 'Jacket', 'Jeans', 'Fair'),
('anamika.supriya@gmail.com', 'Anamika ', 'Bhatnagar ', 'Female', 'Summer', 'Casual', 'Half Tshirt', 'Shorts', 'Wheatish'),
('shaswatmisra19@gmail.com', 'Shaswat', 'Mishra', 'Male', 'Summer', 'Wedding', 'Coat', 'Pant', 'Fair'),
('chahatrelia@yahoo.in', 'Chahat', 'Relia', 'Female', 'Winter', 'Party', 'Jacket', 'Jeans', 'Fair'),
('harshabokolia.22@gmail.com', 'Harsha', 'Bokolia', 'Female', 'Summer', 'Casual', 'Kurta', 'Jeans', 'Wheatish'),
('pooja01kataria@gmail.com', 'Pooja', 'K', 'Female', 'Summer', 'Wedding', 'Kurta', 'Pant', 'Wheatish'),
('pooja01kataria@gmail.com', 'Pooja', 'K', 'Female', 'Summer', 'Wedding', 'Kurta', 'Pant', 'Wheatish'),
('abc@gmail.com', 'Naina', 'Kabra', 'Female', 'Summer', 'Party', 'Half Tshirt', 'Shorts', 'Fair'),
('iamharshula@gmail.com', 'Harshula', 'Sharma', 'Female', 'Summer', 'Party', 'Half Tshirt', 'Shorts', 'Wheatish'),
('suchit57@gmail.com', 'Suchit', 'Mathur', 'Male', 'Summer', 'Casual', 'Half Tshirt', 'Shorts', 'Wheatish'),
('shilpirana1999@gmail.com', 'shilpi', 'rana', 'Female', 'Summer', 'Party', 'Coat', 'Jeans', 'Fair'),
('yashjindal142@gmail.com', 'Nidhi', 'Jindal ', 'Female', 'Summer', 'Casual', 'Kurta', 'Jeans', 'Fair'),
('mayankgirdhar6@gmail.com', 'Mayank', 'Girdhar', 'Male', 'Summer', 'Casual', 'Half Tshirt', 'Jeans', 'Fair'),
('akshatgoel@gmail.com', 'Akshat', 'Goel', 'Male', 'Winter', 'Office', 'Full Shirt', 'Pant', 'Fair'),
('ujjawalgoel6@gmail.com', 'Ujjawal', 'Goel', 'Male', 'Summer', 'Party', 'Jacket', 'Jeans', 'Fair'),
('amansahay2296@gmail.com', 'Aman ', 'Sahay', 'Male', 'Summer', 'Party', 'Half Tshirt', 'Jeans', 'Wheatish'),
('devikasatija@yahoo.in', 'Devika', 'Satija', 'Female', 'Summer', 'Office', 'Full Shirt', 'Pant', 'Fair'),
('aashima2896@gmail.com', 'Aashima', 'Gupta', 'Female', 'Summer', 'Casual', 'Half Tshirt', 'Jeans', 'Wheatish'),
('kannu24680@gmail.com', 'kanika', 'sehgal', 'Female', 'Summer', 'Casual', 'Kurta', 'Pant', 'Fair'),
('pranshu14dixit@gmail.com', 'Pranshu', 'Dixit', 'Male', 'Summer', 'Casual', 'Half Tshirt', 'Pant', 'Fair'),
('himani.mitrolia@yahoo.in', 'Himani ', 'Mitrolia ', 'Female', 'Summer', 'Casual', 'Kurta', 'Pyjama', 'Wheatish'),
('komalmehta.1995@gmail.com', 'Komal ', 'Mehta ', 'Female', 'Winter', 'Office', 'Full Shirt', 'Pant', 'Fair'),
('prateekbansal2299@gmail.com', 'Pratik', 'Bansal', 'Male', 'Summer', 'Wedding', 'Coat', 'Pant', 'Wheatish'),
('akankshataneja111@gmail.com', 'Akanksha', 'Taneja', 'Female', 'Summer', 'Casual', 'Half Tshirt', 'Jeans', 'Fair'),
('rahulwason007@gmail.com', 'Rahul', 'Wason', 'Male', 'Summer', 'Party', 'Full Shirt', 'Jeans', 'Wheatish'),
('avantika1310singh@gmail.com', 'Avantika', 'Singh', 'Female', 'Summer', 'Casual', 'Half Tshirt', 'Shorts', 'Wheatish'),
('sonichetna64@gmail.com', 'Chetna ', 'Soni', 'Female', 'Summer', 'Casual', 'Kurta', 'Pyjama', 'Fair'),
('vibhav.chaddha@gmail.com', 'Vibhav', 'Chaddha', 'Male', 'Summer', 'Casual', 'Half Tshirt', 'Jeans', 'Wheatish'),
('ruhi.ahuja1001@gmail.com', 'Ruhi', 'Ahuja', 'Female', 'Summer', 'Party', 'Jacket', 'Shorts', 'Fair'),
('ratika.cute96@gmail.com', 'Ratika', 'Grover', 'Female', 'Summer', 'Party', 'Jacket', 'Jeans', 'Wheatish'),
('paithankarrohan039@gmail.com', 'Rohan', 'Paithankar', 'Male', 'Summer', 'Casual', 'Half Tshirt', 'Jeans', 'Wheatish'),
('shriyachhabra16@gmail.com', 'Shriya', 'Chhabra', 'Female', 'Summer', 'Casual', 'Half Tshirt', 'Jeans', 'Fair'),
('sharmadivyanshu1996@gmail.com', 'Divyanshu ', 'Sharma', 'Male', 'Summer', 'Wedding', 'Kurta', 'Pyjama', 'Wheatish'),
('sharmakashish1998@gmail.com', 'Kashish', 'Sharma', 'Male', 'Summer', 'Party', 'Full Shirt', 'Jeans', 'Fair'),
('anitha.rk21@gmail.com', 'anitha', 'Rk', 'Female', 'Summer', 'Casual', 'Jacket', 'Shorts', 'Dark'),
('neervbhatia96@gmail.com', 'Neerav', 'Bhatia', 'Male', 'Summer', 'Casual', 'Half Tshirt', 'Jeans', 'Fair'),
('japleenk997@gmail.com', 'Japleen ', 'Kaur', 'Female', 'Winter', 'Wedding', 'Kurta', 'Pant', 'Fair'),
('poojabhardwaj991@gmail.com', 'Pooja', 'Bhardwaj', 'Female', 'Summer', 'Casual', 'Half Tshirt', 'Pant', 'Fair'),
('nikunj10daddy@gmail.com', 'Nikunj', 'Garg', 'Male', 'Summer', 'Party', 'Coat', 'Jeans', 'Fair'),
('aniketh_sircar@yahoo.com', 'Aniketh', 'Sircar', 'Male', 'Summer', 'Casual', 'Kurta', 'Shorts', 'Wheatish'),
('juhijoshi2096@gmail.com', 'Juhi', 'Joshi', 'Female', 'Summer', 'Casual', 'Kurta', 'Jeans', 'Fair'),
('shreyas.satish.96@gmail.com', 'Shreyas', 'Satish', 'Male', 'Summer', 'Casual', 'Half Tshirt', 'Jeans', 'Wheatish'),
('supreet1990tomar@yahoo.com', 'Supreet', 'Tomar', 'Male', 'Summer', 'Casual', 'Full Shirt', 'Jeans', 'Wheatish'),
('harshitajain490@gmail.com', 'Harshita', 'Jain', 'Female', 'Summer', 'Casual', 'Half Tshirt', 'Shorts', 'Fair'),
('suryanshiadaniya@gmail.com', 'Suryanshi', 'Adaniya', 'Female', 'Summer', 'Casual', 'Full Tshirt', 'Jeans', 'Wheatish'),
('anchitbhatia96@gmail.com', 'Anchit', 'Bhatia', 'Male', 'Summer', 'Casual', 'Half Tshirt', 'Jeans', 'Wheatish'),
('prernamehta96@gmail.com', 'prerna', 'mehta', 'Female', 'Summer', 'Casual', 'Half Shirt', 'Shorts', 'Fair'),
('himanshusaini96@gmail.com', 'Himanshu ', 'Saini', 'Male', 'Summer', 'Party', 'Half Shirt', 'Jeans', 'Wheatish'),
('himanshu07bhandari@gmail.com', 'Himanshu', 'Bhandari', 'Male', 'Winter', 'Office', 'Full Shirt', 'Jeans', 'Fair'),
('madhur97bansal@gmail.com', 'Madhur', 'Bansal', 'Male', 'Summer', 'Casual', 'Half Tshirt', 'Jeans', 'Fair'),
('somya.sneh@gmail.com', 'Somya', 'Sneh', 'Female', 'Summer', 'Casual', 'Half Tshirt', 'Shorts', 'Wheatish'),
('kedia.mansi3898@gmail.com', 'Mansi', 'Kedia', 'Female', 'Summer', 'Party', 'Half Tshirt', 'Jeans', 'Wheatish'),
('kaushiki28mishra.05@gmail.com', 'Kaushiki', 'Mishra', 'Female', 'Summer', 'Office', 'Half Shirt', 'Pant', 'Dark'),
('soninagar08@gmail.com', 'Soni', 'Nagar', 'Female', 'Summer', 'Party', 'Kurta', 'Jeans', 'Fair'),
('soninagar08@gmail.com', 'Soni', 'Nagar', 'Female', 'Summer', 'Party', 'Kurta', 'Jeans', 'Fair'),
('dkdlfps@gmail.com', 'Dhairya ', 'Khera', 'Male', 'Summer', 'Casual', 'Half Tshirt', 'Jeans', 'Fair'),
('juhisingh181997@gmail.com', 'Juhi', 'Chaudhary', 'Female', 'Summer', 'Casual', 'Kurta', 'Shorts', 'Fair'),
('raghavmishra.1603@gmail.com', 'Raghav', 'M', 'Male', 'Summer', 'Casual', 'Full Shirt', 'Jeans', 'Wheatish'),
('anjali.tiwari.066@gmail.com', 'Anjali', 'Tiwari', 'Female', 'Summer', 'Casual', 'Kurta', 'Jeans', 'Fair'),
('seeulee96@gmail.com', 'Seeulee', 'Upadhyaya', 'Female', 'Summer', 'Casual', 'Half Shirt', 'Shorts', 'Wheatish'),
('saurabh.2961996@gmail.com', 'Saurabh', 'Chauhan', 'Male', 'Summer', 'Casual', 'Half Tshirt', 'Jeans', 'Fair'),
('geetims143@gmail.com', 'KM GEETA ', 'SINGH', 'Female', 'Summer', 'Casual', 'Half Tshirt', 'Shorts', 'Fair'),
('chetnataak@gmail.com', 'chetna', 'taak', 'Female', 'Summer', 'Casual', 'Half Tshirt', 'Jeans', 'Fair'),
('9310051838aditya@gmail.com', 'Aditya', 'Gupta', 'Male', 'Summer', 'Party', 'Full Tshirt', 'Shorts', 'Fair'),
('kunalkaushik13@gmail.com', 'Kunal', 'Kaushik', 'Male', 'Summer', 'Casual', 'Half Tshirt', 'Jeans', 'Wheatish'),
('khushali100116@gmail.com', 'Khushali', 'Ghorpade', 'Female', 'Summer', 'Casual', 'Half Tshirt', 'Jeans', 'Wheatish'),
('hc1998himanshu@gmail.com', 'Himanshu', 'Chauhan', 'Male', 'Summer', 'Casual', 'Full Shirt', 'Jeans', 'Fair'),
('poetaj96@gmail.com', 'Aayush', 'Jain', 'Male', 'Summer', 'Casual', 'Half Tshirt', 'Shorts', 'Wheatish'),
('harshitsidhwa7565@gmail.com', 'Harshit', 'Sidhwa', 'Male', 'Summer', 'Casual', 'Half Shirt', 'Jeans', 'Wheatish'),
('garimasingh2714@gmail.com', 'Garima', 'Singh', 'Female', 'Summer', 'Wedding', 'Kurta', 'Jeans', 'Fair'),
('adevanshi71@gmail.com', 'Devanshi', 'Aggarwal', 'Female', 'Summer', 'Casual', 'Kurta', 'Jeans', 'Wheatish'),
('amanbnsl2@gmail.com', 'Aman ', 'Bansal', 'Male', 'Summer', 'Office', 'Coat', 'Pant', 'Wheatish'),
('devranjan1111@gmail.com', 'Dev', 'Ranjan', 'Male', 'Winter', 'Casual', 'Full Shirt', 'Jeans', 'Fair'),
('ishaneea@gmail.com', 'Ishanee', 'Akshda ', 'Female', 'Summer', 'Casual', 'Half Tshirt', 'Pant', 'Fair'),
('mallika.shkl@gmail.com', 'Mallika', 'Shukla', 'Female', 'Summer', 'Casual', 'Full Tshirt', 'Pyjama', 'Fair'),
('imonikamittal@gmail.com', 'Monika', 'Mittal', 'Female', 'Summer', 'Casual', 'Half Tshirt', 'Jeans', 'Fair'),
('deepikasingh1095@gmail.com', 'deepika', 'singh', 'Female', 'Summer', 'Wedding', 'Kurta', 'Jeans', 'Fair'),
('simranlovelygirl82@gmail.com', 'Simran', 'Kaur', 'Female', 'Summer', 'Casual', 'Half Tshirt', 'Jeans', 'Fair'),
('garimajagetiya@gmail.com', 'Garima', 'Jagetiya', 'Female', 'Summer', 'Wedding', 'Kurta', 'Jeans', 'Wheatish'),
('diveyjain70@gmail.com', 'Divey ', 'Jain', 'Male', 'Summer', 'Party', 'Coat', 'Pant', 'Dark'),
('nikhilostwal1996@gmail.com', 'Nikhil ', 'Ostwal', 'Male', 'Summer', 'Party', 'Jacket', 'Jeans', 'Fair'),
('jainanimesh15@gmail.com', 'Animesh ', 'Jain', 'Male', 'Summer', 'Party', 'Half Tshirt', 'Jeans', 'Dark'),
('chiragprashar154@gmail.com', 'Chirag ', 'Prashar', 'Male', 'Winter', 'Party', 'Coat', 'Pant', 'Fair'),
('radhikakhemka12998@gmail.com', 'Radhika', 'Khemka', 'Female', 'Winter', 'Party', 'Full Tshirt', 'Jeans', 'Wheatish'),
('nikitasethia98@gmail.com', 'Nikita', 'Sethia', 'Female', 'Summer', 'Casual', 'Half Tshirt', 'Shorts', 'Fair'),
('shashwatjain99@gmail.com', 'Shashwat ', 'Jain', 'Male', 'Winter', 'Wedding', 'Full Shirt', 'Pant', 'Fair'),
('dhruvrnaik@gmail.com', 'Dhruv', 'Naik', 'Male', 'Summer', 'Casual', 'Half Tshirt', 'Jeans', 'Fair'),
('Arushi.setia@gmail.com', 'Arushi', 'Setia', 'Female', 'Summer', 'Casual', 'Half Tshirt', 'Jeans', 'Wheatish'),
('khushboo.ya8@gmail.com', 'Khushboo', 'Yadav', 'Female', 'Summer', 'Casual', 'Jacket', 'Jeans', 'Wheatish'),
('chitreneil5@gmail.com', 'Neil', 'Chitre', 'Male', 'Summer', 'Casual', 'Half Shirt', 'Jeans', 'Dark'),
('zorosinghya@gmail.com', 'Zorawar', 'Singh', 'Male', 'Summer', 'Casual', 'Half Tshirt', 'Jeans', 'Fair'),
('shourya98@gmail.com', 'Shourya', 'jaiswal', 'Male', 'Summer', 'Casual', 'Half Tshirt', 'Jeans', 'Wheatish'),
('bnsvishal@gmail.com', 'Vishal', 'BNS', 'Male', 'Summer', 'Casual', 'Full Shirt', 'Jeans', 'Fair'),
('groveralex8@gmail.com', 'dipti', 'grover', 'Female', 'Summer', 'Casual', 'Kurta', 'Jeans', 'Fair'),
('rahulnambiar40@gmail.com', 'Rahul', 'PK', 'Male', 'Summer', 'Casual', 'Half Tshirt', 'Jeans', 'Dark'),
('cuteliciousbarbie16@gmail.com', 'Mahi', 'Agarwal', 'Female', 'Summer', 'Wedding', 'Kurta', 'Pant', 'Fair'),
('shahsetu@ymail.com', 'Setu', 'Shah', 'Male', 'Summer', 'Wedding', 'Coat', 'Pant', 'Fair'),
('sarafdamini27@gmail.com', 'Damini', 'Saraf', 'Female', 'Summer', 'Party', 'Half Tshirt', 'Jeans', 'Fair'),
('shee2096@gmail.com', 'Sheetal', 'Sharma', 'Female', 'Summer', 'Casual', 'Half Tshirt', 'Shorts', 'Wheatish'),
('sonikasingh932@gmail.com', 'Sonika', 'Phogat', 'Female', 'Summer', 'Casual', 'Half Tshirt', 'Shorts', 'Wheatish'),
('simranchawla935@gmail.com', 'Simran', 'Chawla', 'Female', 'Summer', 'Casual', 'Half Tshirt', 'Jeans', 'Wheatish'),
('durgeshbhati.db@gmail.com', 'Durgesh ', 'Bhati', 'Male', 'Summer', 'Party', 'Jacket', 'Jeans', 'Fair'),
('anjishtha9711@gmail.com', 'Anjishtha', 'Rohilla', 'Female', 'Summer', 'Casual', 'Half Tshirt', 'Shorts', 'Wheatish'),
('adityamittal@outlook.com', 'Aditya', 'Mittal', 'Male', 'Summer', 'Casual', 'Full Shirt', 'Jeans', 'Wheatish'),
('ag251096@gmail.com', 'Aakash', 'Gupta', 'Male', 'Summer', 'Casual', 'Full Shirt', 'Jeans', 'Fair'),
('bharti97sanghi@gmail.com', 'Bharti', 'Sanghi', 'Female', 'Winter', 'Wedding', 'Half Tshirt', 'Shorts', 'Wheatish'),
('daminirajanya@gmail.com', 'Damini', 'Rajanya', 'Female', 'Winter', 'Casual', 'Kurta', 'Pyjama', 'Wheatish'),
('dhanursood@gmail.com', 'Dhanur', 'Sood', 'Male', 'Summer', 'Casual', 'Half Tshirt', 'Jeans', 'Fair'),
('dandriyal98puja@gmail.com', 'Pooja', 'Sharma', 'Female', 'Summer', 'Casual', 'Half Tshirt', 'Jeans', 'Wheatish'),
('29madhur@gmail.com', 'Madhur', 'Nijhawan ', 'Male', 'Summer', 'Wedding', 'Coat', 'Pant', 'Wheatish'),
('sumansinghrajput709@gmail.com', 'Suman', 'Singh', 'Female', 'Summer', 'Casual', 'Full Tshirt', 'Jeans', 'Wheatish'),
('pranshushoe@gmail.com', 'Aishwarya', 'Dixit', 'Female', 'Summer', 'Party', 'Half Tshirt', 'Shorts', 'Wheatish'),
('abhishek12021997@gmail.com', 'Abhishek ', 'Soni', 'Male', 'Summer', 'Party', 'Half Tshirt', 'Pant', 'Fair'),
('Aditic881@gmail.com', 'Aditi', 'Chauhan', 'Female', 'Summer', 'Casual', 'Half Tshirt', 'Jeans', 'Fair'),
('sravyadoppalapudi93@gmail.com', 'Sravya', 'Doppalapudi', 'Female', 'Summer', 'Office', 'Full Shirt', 'Shorts', 'Wheatish'),
('intellijayant@gmail.com', 'Jay', 'R', 'Male', 'Summer', 'Casual', 'Half Shirt', 'Shorts', 'Wheatish'),
('monika.gola35@gmail.com', 'Monika', 'Gola', 'Female', 'Summer', 'Party', 'Half Shirt', 'Jeans', 'Fair'),
('kamalvyas0001@gmail.com', 'kamal', 'vyas', 'Male', 'Winter', 'Office', 'Full Shirt', 'Pant', 'Fair'),
('mokshsnair@gmail.com', 'Moksh', 'Nair', 'Male', 'Summer', 'Office', 'Coat', 'Pant', 'Wheatish'),
('mokshsnair@gmail.com', 'Moksh', 'Nair', 'Male', 'Summer', 'Office', 'Coat', 'Pant', 'Wheatish'),
('monikasingh4238@gmail.com', 'Monika', 'Singh', 'Female', 'Summer', 'Casual', 'Half Shirt', 'Jeans', 'Wheatish'),
('niral424@gmail.com', 'Niral', 'jain', 'Male', 'Summer', 'Casual', 'Half Tshirt', 'Jeans', 'Fair'),
('puneetgupta896@gmail.com', 'Puneet', 'Gupta', 'Male', 'Winter', 'Party', 'Jacket', 'Jeans', 'Fair'),
('ongia21@gmail.com', 'satyam', 'mongia', 'Male', 'Summer', 'Casual', 'Full Shirt', 'Jeans', 'Fair'),
('amansingh10197@gmail.com', 'Aman', 'Singh', 'Male', 'Summer', 'Casual', 'Full Shirt', 'Jeans', 'Wheatish'),
('raj.moona9@gmail.com', 'Raj', 'Moona', 'Male', 'Summer', 'Casual', 'Half Tshirt', 'Jeans', 'Wheatish'),
('karisam0817@gmail.com', 'Sonali', 'Jain', 'Female', 'Summer', 'Casual', 'Half Tshirt', 'Jeans', 'Fair'),
('jainitdhir28@gmail.com', 'Jainit', 'Dhir', 'Female', 'Summer', 'Party', 'Half Shirt', 'Shorts', 'Fair'),
('harshahuja27@gmail.com', 'Harsh', 'Ahuja', 'Female', 'Summer', 'Casual', 'Half Tshirt', 'Shorts', 'Wheatish'),
('lalityaparashar1@ymail.com', 'Lalitya', 'Parashar', 'Male', 'Summer', 'Party', 'Coat', 'Pant', 'Wheatish'),
('sushant.joshi82@yahoo.com', 'Sushant', 'Joshi', 'Male', 'Summer', 'Casual', 'Half Tshirt', 'Jeans', 'Wheatish'),
('meshivamsrivastava6@gmail.com', 'Shivam', 'Srivastava', 'Male', 'Summer', 'Party', 'Jacket', 'Jeans', 'Wheatish'),
('sanchitnanglia95@hotmail.com', 'Sanchit', 'Nanglia', 'Male', 'Summer', 'Party', 'Full Shirt', 'Pant', 'Fair'),
('srishti_madan@yahoo.co.in', 'Srishti', 'Madan', 'Female', 'Summer', 'Office', 'Full Shirt', 'Pant', 'Wheatish'),
('arpitagal5@gmail.com', 'Arpit', 'Agal', 'Male', 'Winter', 'Party', 'Jacket', 'Jeans', 'Wheatish'),
('vaibhavgautamtdl@gmail.com', 'Vaibhav', 'Gautam', 'Male', 'Summer', 'Party', 'Full Shirt', 'Jeans', 'Fair'),
('prachi829@live.com', 'Prachi', 'Parik', 'Female', 'Summer', 'Wedding', 'Kurta', 'Pyjama', 'Fair'),
('archu.leo18@gmail.com', 'Archana', 'Neelkantan', 'Female', 'Summer', 'Casual', 'Kurta', 'Jeans', 'Wheatish'),
('hammadsiraj3@gmail.com', 'Hammad', 'Siraj', 'Male', 'Winter', 'Casual', 'Full Shirt', 'Pyjama', 'Fair'),
('kshitij.nawal10@gmail.com', 'Kshitij', 'Nawal', 'Male', 'Summer', 'Wedding', 'Coat', 'Pant', 'Wheatish'),
('avinash.mehta9@gmail.com', 'Avinash', 'Mehta', 'Male', 'Summer', 'Casual', 'Coat', 'Jeans', 'Fair'),
('dayam.akshat@gmail.com', 'Akshat', 'Dayam', 'Male', 'Summer', 'Party', 'Half Tshirt', 'Jeans', 'Wheatish'),
('shraddhasrii1122@gmial.com', 'Shraddha', 'Srivastava', 'Female', 'Winter', 'Party', 'Kurta', 'Pant', 'Wheatish'),
('kshyjn1234@gmail.com', 'Akshay', 'Jain', 'Male', 'Summer', 'Casual', 'Full Shirt', 'Jeans', 'Wheatish'),
('ankitakaushik1234@gmail.com', 'Ankita', 'Kaushik', 'Female', 'Summer', 'Casual', 'Half Tshirt', 'Jeans', 'Wheatish'),
('irumj1996@gmail.com', 'Irum', 'J', 'Female', 'Summer', 'Casual', 'Half Tshirt', 'Jeans', 'Dark'),
('shubhamkesarwani04@gmail.com', 'Shubham', 'Kesarwani', 'Male', 'Summer', 'Wedding', 'Full Shirt', 'Pant', 'Wheatish'),
('shivil.bansal2004@gmail.com', 'Shubh', 'bansal', 'Male', 'Summer', 'Party', 'Full Shirt', 'Jeans', 'Fair'),
('jyotitanwani@gmail.com', 'Jyoti', 'Tanwani', 'Female', 'Winter', 'Casual', 'Half Tshirt', 'Jeans', 'Fair'),
('devikaagarwal1996@gmail.com', 'Devika', 'Agarwal', 'Female', 'Summer', 'Party', 'Half Shirt', 'Jeans', 'Wheatish'),
('sachinjain.cor@gmail.com', 'Sachin ', 'Jain', 'Male', 'Summer', 'Party', 'Full Shirt', 'Jeans', 'Wheatish'),
('saksham2801@gmail.com', 'Saksham raj', 'Seth', 'Male', 'Summer', 'Office', 'Full Shirt', 'Jeans', 'Fair'),
('shivil.bansal2004@gmail.com', 'Shubh', 'bansal', 'Male', 'Summer', 'Party', 'Full Shirt', 'Jeans', 'Fair'),
('hhffghh@fggft.com', 'Ffggbbv', 'Ffgvvbn', 'Male', 'Winter', 'Casual', 'Jacket', 'Pant', 'Wheatish'),
('rahul.shah1912@gmail.com', 'Rahul', 'Shah', 'Male', 'Summer', 'Wedding', 'Full Shirt', 'Pant', 'Fair'),
('neivah.tous@gmail.con', 'Neivah', 'Touthang', 'Female', 'Winter', 'Casual', 'Jacket', 'Jeans', 'Fair'),
('nehad2209@gmail.com', 'Neha', 'Singh', 'Female', 'Summer', 'Party', 'Half Tshirt', 'Shorts', 'Wheatish'),
('tapan2017@gmail.com', 'Tapan', 'Kumar', 'Male', 'Summer', 'Casual', 'Half Tshirt', 'Jeans', 'Wheatish'),
('bhupenchauhan09@gmil.com', 'Bhupendra', 'Singh', 'Male', 'Summer', 'Casual', 'Full Shirt', 'Pant', 'Dark'),
('pmathur.1968@gmail.com', 'Prerit', 'Mathur', 'Male', 'Summer', 'Office', 'Full Shirt', 'Pant', 'Wheatish'),
('divyamdudeja820@gmail.com', 'Divyam', 'Dudeja', 'Male', 'Summer', 'Party', 'Full Shirt', 'Jeans', 'Fair'),
('kkhn08@gmail.com', 'Kaustubh', 'Khandelwal', 'Male', 'Summer', 'Casual', 'Half Tshirt', 'Jeans', 'Wheatish'),
('anujb22000@yahoo.com', 'Anuj', 'Goel', 'Male', 'Summer', 'Casual', 'Half Shirt', 'Jeans', 'Fair'),
('sidhiridhigoel@gmail.com', 'Sidhi', 'Goel', 'Female', 'Summer', 'Casual', 'Half Tshirt', 'Jeans', 'Fair'),
('ridhigoel@gmail.com', 'Ridhi', 'Goel', 'Female', 'Summer', 'Casual', 'Half Tshirt', 'Shorts', 'Fair'),
('ahi.anurag@gmail.com', 'Anurag', 'Ahi', 'Male', 'Winter', 'Party', 'Full Shirt', 'Pant', 'Fair'),
('danielpeters233@gmail.com', 'Daniel', 'Peter', 'Male', 'Summer', 'Wedding', 'Half Shirt', 'Jeans', 'Fair'),
('adi.chauhan17@gmail.com', 'Aditya', 'Chauhan', 'Male', 'Summer', 'Party', 'Full Shirt', 'Jeans', 'Wheatish'),
('sudeep.rocks.30@gmail.com', 'Sudeep', 'Sinha', 'Female', 'Summer', 'Casual', 'Half Tshirt', 'Jeans', 'Wheatish'),
('durejaatul98@yahoo.in', 'Atul', 'Dureja', 'Male', 'Summer', 'Casual', 'Coat', 'Pant', 'Fair'),
('mail2hinarao@gmail.com', 'Hina', 'Yadav', 'Female', 'Winter', 'Casual', 'Half Tshirt', 'Jeans', 'Fair'),
('sonipooja1496@gmail.com', 'Pooja', 'Soni', 'Female', 'Summer', 'Wedding', 'Kurta', 'Pant', 'Wheatish'),
('ritvikasingh912@gmail.com', 'RITVIKA', 'SINGH', 'Female', 'Summer', 'Casual', 'Kurta', 'Jeans', 'Wheatish'),
('mania6.10.1@gmail.com', 'Manisha', 'Sharma', 'Female', 'Summer', 'Casual', 'Full Tshirt', 'Jeans', 'Fair'),
('ritishakothari1998@gmail.com', 'Ritisha', 'Kothari', 'Female', 'Summer', 'Party', 'Half Tshirt', 'Shorts', 'Wheatish'),
('7aakashjain@gmail.com', 'Aakash', 'Jain', 'Male', 'Summer', 'Casual', 'Kurta', 'Pyjama', 'Wheatish'),
('anjalinyati13@gmail.com', 'Anjali', 'Nyati', 'Female', 'Winter', 'Casual', 'Half Tshirt', 'Shorts', 'Wheatish'),
('latika060@gmail.com', 'Latika', 'Kharbanda', 'Female', 'Summer', 'Party', 'Half Tshirt', 'Jeans', 'Fair'),
('priyankapandey131996@gmail.com', 'Priyanka ', 'Pandey ', 'Female', 'Summer', 'Casual', 'Kurta', 'Jeans', 'Fair'),
('amishakabra06@gmail.com', 'Amisha', 'Kabra', 'Female', 'Winter', 'Casual', 'Full Shirt', 'Jeans', 'Fair'),
('vaishnaviajmera22@gmail.com', 'Vaishnavi', 'Ajmera', 'Female', 'Winter', 'Office', 'Full Shirt', 'Jeans', 'Fair'),
('Samyataneja@gmail.com', 'SAMYA', 'Taneja', 'Female', 'Summer', 'Office', 'Full Shirt', 'Pant', 'Fair'),
('spooky.sakshi26@gnsil.com', 'Sakshi', 'Agarwal', 'Female', 'Summer', 'Casual', 'Half Shirt', 'Pant', 'Wheatish'),
('radhikaduggal4@gmail.com', 'Radhika', 'Duggal', 'Female', 'Winter', 'Casual', 'Half Tshirt', 'Shorts', 'Fair'),
('vidushia96@gmail.com', 'vidushi', 'Agrawal', 'Female', 'Summer', 'Casual', 'Full Tshirt', 'Jeans', 'Fair'),
('htpayal@gmail.com', 'Harsh', 'Payal', 'Male', 'Summer', 'Casual', 'Full Shirt', 'Jeans', 'Wheatish'),
('anandkashish1@gmail.com', 'kashish ', 'anand ', 'Male', 'Summer', 'Casual', 'Full Shirt', 'Pant', 'Wheatish'),
('punu474@gmail.com', 'Puneet', 'Jain', 'Male', 'Winter', 'Casual', 'Half Tshirt', 'Jeans', 'Fair'),
('mishasachdeva@gmail.com', 'Ammy', 'Sachdeva', 'Female', 'Summer', 'Party', 'Half Tshirt', 'Jeans', 'Fair'),
('anshul.arya.aa@gmail.com', 'DIVYANSHU', 'ARYA ', 'Male', 'Summer', 'Casual', 'Full Shirt', 'Jeans', 'Wheatish'),
('anshujagetiya@gmail.com', 'anshu', 'jagetiya', 'Female', 'Summer', 'Casual', 'Full Shirt', 'Jeans', 'Fair'),
('yashgeel99@gmail.com', 'Yash', 'Geel', 'Male', 'Winter', 'Party', 'Jacket', 'Jeans', 'Wheatish'),
('devashish.satija38@gmail.com', 'DEVASHISH', 'SATIJA', 'Male', 'Summer', 'Casual', 'Half Tshirt', 'Jeans', 'Wheatish'),
('swadhadt2925@gmail.com', 'Swadha ', 'Dixit ', 'Female', 'Summer', 'Casual', 'Kurta', 'Jeans', 'Wheatish'),
('vg9711013732@gmail.com', 'Vidhi', 'Gautam', 'Female', 'Summer', 'Casual', 'Full Shirt', 'Jeans', 'Wheatish'),
('khushboogoel038@gmail.com', 'khushboo', 'goyal', 'Female', 'Winter', 'Wedding', 'Half Tshirt', 'Shorts', 'Fair'),
('rsb09061995@gmail.com', 'Rahul Singh ', 'Bhati', 'Male', 'Summer', 'Wedding', 'Half Shirt', 'Jeans', 'Dark'),
('monajindal2851995.mj@gmail.com', 'Monika', 'Jindal', 'Female', 'Winter', 'Wedding', 'Jacket', 'Shorts', 'Fair'),
('chauhanpriyanshi07@gmail.com', 'Priyanshi ', 'Chauhan', 'Female', 'Summer', 'Casual', 'Half Shirt', 'Shorts', 'Fair'),
('akash12bhardwaj@gmail.com', 'Akash ', 'Bhardwaj', 'Male', 'Summer', 'Wedding', 'Coat', 'Pant', 'Wheatish'),
('nalinigoyal75@gmail.com', 'nalini', 'agarwal', 'Female', 'Summer', 'Casual', 'Half Tshirt', 'Shorts', 'Fair'),
('apurwag96@gmail.com', 'Apurva ', 'Gupta', 'Female', 'Summer', 'Party', 'Half Tshirt', 'Shorts', 'Fair'),
('markhedkar.vidhi@gmail.com', 'Vidhi', 'Markhedkar', 'Female', 'Winter', 'Wedding', 'Kurta', 'Pyjama', 'Fair'),
('priyankajindal023@gmail.com', 'Priyanka', 'Jindal', 'Female', 'Summer', 'Casual', 'Half Shirt', 'Shorts', 'Fair'),
('aaryaman02@gmail.com', 'Aryaman ', 'Agal', 'Male', 'Summer', 'Casual', 'Half Tshirt', 'Jeans', 'Fair'),
('kaushikmaity13@gmail.com', 'Kaushik ', 'Maity', 'Male', 'Winter', 'Party', 'Full Shirt', 'Jeans', 'Fair'),
('shraddhasharma3215@gmail.com', 'Shradha', 'Sharma', 'Female', 'Summer', 'Party', 'Half Shirt', 'Shorts', 'Fair'),
('shinchannohara845@gmail.com', 'Vedang', 'Shrivastava', 'Male', 'Summer', 'Office', 'Full Shirt', 'Pant', 'Fair'),
('neelmadan12@gmail.com', 'neel', 'madan', 'Male', 'Summer', 'Casual', 'Half Tshirt', 'Shorts', 'Wheatish'),
('vishakhashukla10@gmail.com', 'Vishakha', 'Shukla', 'Female', 'Summer', 'Office', 'Full Shirt', 'Pant', 'Wheatish'),
('vishakhashukla10@gmail.com', 'Vishakha', 'Shukla', 'Female', 'Summer', 'Office', 'Full Shirt', 'Pant', 'Wheatish'),
('lodhavatsal@gmail.com', 'Vatsal', 'Lodha', 'Male', 'Winter', 'Wedding', 'Full Shirt', 'Shorts', 'Wheatish'),
('pranavisharma2000@gmail.com', 'Pranavi ', 'Sharma ', 'Female', 'Summer', 'Casual', 'Half Tshirt', 'Pyjama', 'Fair'),
('dhananjay.14jiec019@jietjodhpur.ac.in', 'dhananjay', 'pandey', 'Male', 'Summer', 'Casual', 'Half Shirt', 'Jeans', 'Fair'),
('rishija.chaturvedi@gmail.com', 'Rishija', 'Chaturvedi', 'Female', 'Summer', 'Casual', 'Half Tshirt', 'Shorts', 'Wheatish'),
('anitasahu1130@gmail.com', 'Anita', 'Sahu', 'Female', 'Summer', 'Casual', 'Full Tshirt', 'Jeans', 'Fair'),
('swastigarg12@gmail.com', 'Swasti', 'Garg', 'Female', 'Summer', 'Party', 'Jacket', 'Jeans', 'Wheatish'),
('amansingh10197@gmail.com', 'Aman', 'Singh', 'Male', 'Summer', 'Casual', 'Full Shirt', 'Jeans', 'Wheatish'),
('amansingh10197@gmail.com', 'Aman', 'Singh', 'Male', 'Summer', 'Casual', 'Full Shirt', 'Jeans', 'Wheatish'),
('lodhavatsal@gmail.com', 'Vatsal', 'Lodha', 'Male', 'Winter', 'Wedding', 'Full Shirt', 'Shorts', 'Wheatish'),
('suryanshiadaniya@gmail.com', 'Suryanshi', 'Adaniya', 'Female', 'Summer', 'Casual', 'Full Tshirt', 'Jeans', 'Wheatish'),
('dikshataneja81@gmail.com', 'Diksha', 'Taneja', 'Female', 'Summer', 'Casual', 'Kurta', 'Pant', 'Wheatish'),
('tanviagarwal0604@gmail.com', 'Tanvi', 'Agarwal', 'Female', 'Summer', 'Party', 'Kurta', 'Pyjama', 'Fair'),
('kanishkajaroli1204@gmail.com', 'Kanishka', 'Jaroli', 'Female', 'Summer', 'Wedding', 'Kurta', 'Shorts', 'Fair'),
('kajalgoel469@gmail.com', 'Kajal', 'Goel', 'Female', 'Summer', 'Casual', 'Half Shirt', 'Jeans', 'Wheatish'),
('sshalu0081@gmail.com', 'Hriday', 'Sachdeva', 'Male', 'Winter', 'Party', 'Jacket', 'Jeans', 'Fair'),
('himanshinagrath@yahoo.com', 'Himanshi', 'Nagrath', 'Female', 'Summer', 'Party', 'Half Shirt', 'Shorts', 'Fair'),
('dhruvanand14@gmail.com', 'Dhruv', 'Anand', 'Male', 'Summer', 'Wedding', 'Half Shirt', 'Jeans', 'Fair'),
('shantandhupar@gmail.com', 'Shantan ', 'Dhupar ', 'Male', 'Summer', 'Party', 'Full Shirt', 'Pant', 'Fair'),
('nidhisehgalq@yahoo.co.in', 'Nidhi', 'Sehgal', 'Female', 'Summer', 'Party', 'Jacket', 'Jeans', 'Fair'),
('pandey.swapnil96@gmail.com', 'Swapnil ', 'Pandey', 'Male', 'Summer', 'Casual', 'Full Shirt', 'Jeans', 'Wheatish'),
('shivanya12@gmail.com', 'Shivanya', 'Narang', 'Female', 'Summer', 'Party', 'Full Shirt', 'Jeans', 'Fair'),
('csanjay159@gmail.com', 'Sanjay ', 'Choudhary', 'Male', 'Winter', 'Wedding', 'Full Shirt', 'Jeans', 'Fair'),
('pandey.swapnil96@gmail.com', 'Swapnil ', 'Pandey', 'Male', 'Summer', 'Casual', 'Full Shirt', 'Jeans', 'Wheatish'),
('anuj78.singh@gmail.com', 'Anuj', 'Singh', 'Male', 'Summer', 'Casual', 'Half Tshirt', 'Shorts', 'Dark'),
('shubhamgogia85@gma.com', 'Shubham', 'Gogia', 'Male', 'Winter', 'Party', 'Jacket', 'Jeans', 'Fair'),
('myselfmongu@gmail.com', 'Satyam', 'Mongia', 'Male', 'Winter', 'Casual', 'Full Shirt', 'Jeans', 'Fair');

-- --------------------------------------------------------

--
-- Table structure for table `testingdataset`
--

CREATE TABLE IF NOT EXISTS `testingdataset` (
  `Username` varchar(33) DEFAULT NULL,
  `Fname` varchar(10) DEFAULT NULL,
  `Lname` varchar(10) DEFAULT NULL,
  `Gender` varchar(6) DEFAULT NULL,
  `Season` varchar(6) DEFAULT NULL,
  `Occasion` varchar(7) DEFAULT NULL,
  `Top` varchar(11) DEFAULT NULL,
  `Bottom` varchar(6) DEFAULT NULL,
  `skin` varchar(8) DEFAULT NULL
) ENGINE=MyISAM DEFAULT CHARSET=utf8;

--
-- Dumping data for table `testingdataset`
--

INSERT INTO `testingdataset` (`Username`, `Fname`, `Lname`, `Gender`, `Season`, `Occasion`, `Top`, `Bottom`, `skin`) VALUES
('kapoormuskaan5@gmail.com', 'Muskaan', 'Kapoor', 'Female', 'Summer', 'Casual', 'Half Shirt', 'Jeans', 'Dark'),
('mverma96@gmail.com', 'Manish', 'Verma', 'Male', 'Summer', 'Casual', 'Full Shirt', 'Jeans', 'Wheatish'),
('shivil.bansal2004@gmail.com', 'Shubh', 'bansal', 'Male', 'Summer', 'Party', 'Full Shirt', 'Jeans', 'Fair'),
('ashuchugh64@gmail.com', 'ashu', 'chugh', 'Male', 'Summer', 'Casual', 'Full Tshirt', 'Jeans', 'Fair'),
('twesha354@gmail.com', 'twesha', 'thussu', 'Female', 'Summer', 'Casual', 'Half Tshirt', 'Pyjama', 'Fair'),
('priyanka.vncdu@gami.com', 'Priyanka ', 'Purohit', 'Female', 'Summer', 'Casual', 'Half Shirt', 'Jeans', 'Fair'),
('shubhamgogia85@gma.com', 'Shubham', 'Gogia', 'Male', 'Winter', 'Party', 'Jacket', 'Jeans', 'Fair'),
('info@kraftbling.com', 'Vikas', 'Gupta', 'Male', 'Summer', 'Office', 'Half Tshirt', 'Jeans', 'Wheatish'),
('rheabedi7@gmail.com', 'Rhea', 'Bedi', 'Female', 'Summer', 'Casual', 'Half Shirt', 'Shorts', 'Fair'),
('Diksharaina1995@gmail.com', 'Diksha ', 'Raina', 'Female', 'Summer', 'Party', 'Jacket', 'Jeans', 'Fair'),
('pranshugaur18.pg@gmail.com', 'Pranshu', 'Gaur', 'Female', 'Summer', 'Casual', 'Kurta', 'Jeans', 'Fair'),
('ayushinyati@gmail.com', 'ayushi', 'nyati', 'Female', 'Summer', 'Wedding', 'Kurta', 'Jeans', 'Wheatish'),
('deeksha14@hotmail.com', 'Deeksha ', 'Arora', 'Female', 'Summer', 'Casual', 'Full Tshirt', 'Pyjama', 'Fair'),
('rockingragz09@gmail.com', 'Raghu', 'Tata', 'Male', 'Summer', 'Wedding', 'Half Tshirt', 'Jeans', 'Fair'),
('muskansharma1133@gmail.com', 'Muskaan ', 'Sharma', 'Female', 'Winter', 'Casual', 'Jacket', 'Jeans', 'Fair'),
('shreshtha98@gmail.com', 'Shreshtha ', 'Singh', 'Female', 'Summer', 'Casual', 'Half Tshirt', 'Pyjama', 'Fair'),
('youjjwalkumar@gmail.com', 'Ujjwal', 'Kumar', 'Male', 'Summer', 'Party', 'Half Tshirt', 'Jeans', 'Wheatish'),
('veeranchita@gmail.com', 'Anchita', 'Veer', 'Female', 'Summer', 'Casual', 'Half Tshirt', 'Shorts', 'Wheatish'),
('sahniaman40@gmail.com', 'Aman', 'Sahni', 'Male', 'Winter', 'Casual', 'Jacket', 'Jeans', 'Fair'),
('simransagitarius@gmail.com', 'Simran', 'Sachdeva', 'Female', 'Summer', 'Casual', 'Half Shirt', 'Jeans', 'Fair'),
('thebikerabhishek@gmail.com', 'Abhishek', 'Soni', 'Male', 'Summer', 'Casual', 'Half Tshirt', 'Shorts', 'Wheatish'),
('tejaswinishaktawat@gmail.com', 'Tejaswini', 'Shaktawat', 'Female', 'Summer', 'Casual', 'Half Tshirt', 'Shorts', 'Wheatish'),
('vaishnavichaudhary.b333@gmail.com', 'Vaishnavi', 'Chaudhary', 'Female', 'Summer', 'Casual', 'Half Tshirt', 'Shorts', 'Fair'),
('Adarshchadha2@gmail.com', 'Adarsh 	', 'Chadha', 'Male', 'Summer', 'Casual', 'Half Shirt', 'Jeans', 'Fair'),
('mehaksethi31@gmail.com', 'Mehak', 'Sethi', 'Female', 'Summer', 'Wedding', 'Kurta', 'Pyjama', 'Fair'),
('itzapoorva23@gmail.com', 'Apoorva', 'G', 'Female', 'Summer', 'Party', 'Half Shirt', 'Shorts', 'Wheatish'),
('tanyasirohi214@gmail.com', 'Tanya ', 'Sirohi ', 'Female', 'Summer', 'Casual', 'Half Tshirt', 'Jeans', 'Wheatish'),
('gakhar.radhika99@yahoo.com', 'radhika', 'gakhar', 'Female', 'Summer', 'Party', 'Jacket', 'Jeans', 'Fair'),
('shivi3011@gmail.com', 'Shivani ', 'Sharma ', 'Female', 'Winter', 'Casual', 'Full Shirt', 'Jeans', 'Wheatish'),
('deepanshusharma158585@gmail.com', 'Deepanshu', 'Sharma', 'Male', 'Summer', 'Party', 'Jacket', 'Jeans', 'Fair'),
('anamika.supriya@gmail.com', 'Anamika ', 'Bhatnagar ', 'Female', 'Summer', 'Casual', 'Half Tshirt', 'Shorts', 'Wheatish'),
('shaswatmisra19@gmail.com', 'Shaswat', 'Mishra', 'Male', 'Summer', 'Wedding', 'Coat', 'Pant', 'Fair'),
('chahatrelia@yahoo.in', 'Chahat', 'Relia', 'Female', 'Winter', 'Party', 'Jacket', 'Jeans', 'Fair'),
('harshabokolia.22@gmail.com', 'Harsha', 'Bokolia', 'Female', 'Summer', 'Casual', 'Kurta', 'Jeans', 'Wheatish'),
('pooja01kataria@gmail.com', 'Pooja', 'K', 'Female', 'Summer', 'Wedding', 'Kurta', 'Pant', 'Wheatish'),
('pooja01kataria@gmail.com', 'Pooja', 'K', 'Female', 'Summer', 'Wedding', 'Kurta', 'Pant', 'Wheatish'),
('abc@gmail.com', 'Naina', 'Kabra', 'Female', 'Summer', 'Party', 'Half Tshirt', 'Shorts', 'Fair'),
('iamharshula@gmail.com', 'Harshula', 'Sharma', 'Female', 'Summer', 'Party', 'Half Tshirt', 'Shorts', 'Wheatish'),
('suchit57@gmail.com', 'Suchit', 'Mathur', 'Male', 'Summer', 'Casual', 'Half Tshirt', 'Shorts', 'Wheatish'),
('shilpirana1999@gmail.com', 'shilpi', 'rana', 'Female', 'Summer', 'Party', 'Coat', 'Jeans', 'Fair'),
('yashjindal142@gmail.com', 'Nidhi', 'Jindal ', 'Female', 'Summer', 'Casual', 'Kurta', 'Jeans', 'Fair'),
('mayankgirdhar6@gmail.com', 'Mayank', 'Girdhar', 'Male', 'Summer', 'Casual', 'Half Tshirt', 'Jeans', 'Fair'),
('akshatgoel@gmail.com', 'Akshat', 'Goel', 'Male', 'Winter', 'Office', 'Full Shirt', 'Pant', 'Fair'),
('ujjawalgoel6@gmail.com', 'Ujjawal', 'Goel', 'Male', 'Summer', 'Party', 'Jacket', 'Jeans', 'Fair'),
('amansahay2296@gmail.com', 'Aman ', 'Sahay', 'Male', 'Summer', 'Party', 'Half Tshirt', 'Jeans', 'Wheatish'),
('devikasatija@yahoo.in', 'Devika', 'Satija', 'Female', 'Summer', 'Office', 'Full Shirt', 'Pant', 'Fair'),
('aashima2896@gmail.com', 'Aashima', 'Gupta', 'Female', 'Summer', 'Casual', 'Half Tshirt', 'Jeans', 'Wheatish'),
('kannu24680@gmail.com', 'kanika', 'sehgal', 'Female', 'Summer', 'Casual', 'Kurta', 'Pant', 'Fair'),
('pranshu14dixit@gmail.com', 'Pranshu', 'Dixit', 'Male', 'Summer', 'Casual', 'Half Tshirt', 'Pant', 'Fair'),
('himani.mitrolia@yahoo.in', 'Himani ', 'Mitrolia ', 'Female', 'Summer', 'Casual', 'Kurta', 'Pyjama', 'Wheatish'),
('komalmehta.1995@gmail.com', 'Komal ', 'Mehta ', 'Female', 'Winter', 'Office', 'Full Shirt', 'Pant', 'Fair'),
('prateekbansal2299@gmail.com', 'Pratik', 'Bansal', 'Male', 'Summer', 'Wedding', 'Coat', 'Pant', 'Wheatish'),
('akankshataneja111@gmail.com', 'Akanksha', 'Taneja', 'Female', 'Summer', 'Casual', 'Half Tshirt', 'Jeans', 'Fair'),
('rahulwason007@gmail.com', 'Rahul', 'Wason', 'Male', 'Summer', 'Party', 'Full Shirt', 'Jeans', 'Wheatish'),
('avantika1310singh@gmail.com', 'Avantika', 'Singh', 'Female', 'Summer', 'Casual', 'Half Tshirt', 'Shorts', 'Wheatish'),
('sonichetna64@gmail.com', 'Chetna ', 'Soni', 'Female', 'Summer', 'Casual', 'Kurta', 'Pyjama', 'Fair'),
('vibhav.chaddha@gmail.com', 'Vibhav', 'Chaddha', 'Male', 'Summer', 'Casual', 'Half Tshirt', 'Jeans', 'Wheatish'),
('ruhi.ahuja1001@gmail.com', 'Ruhi', 'Ahuja', 'Female', 'Summer', 'Party', 'Jacket', 'Shorts', 'Fair'),
('ratika.cute96@gmail.com', 'Ratika', 'Grover', 'Female', 'Summer', 'Party', 'Jacket', 'Jeans', 'Wheatish'),
('paithankarrohan039@gmail.com', 'Rohan', 'Paithankar', 'Male', 'Summer', 'Casual', 'Half Tshirt', 'Jeans', 'Wheatish'),
('shriyachhabra16@gmail.com', 'Shriya', 'Chhabra', 'Female', 'Summer', 'Casual', 'Half Tshirt', 'Jeans', 'Fair'),
('sharmadivyanshu1996@gmail.com', 'Divyanshu ', 'Sharma', 'Male', 'Summer', 'Wedding', 'Kurta', 'Pyjama', 'Wheatish'),
('sharmakashish1998@gmail.com', 'Kashish', 'Sharma', 'Male', 'Summer', 'Party', 'Full Shirt', 'Jeans', 'Fair'),
('anitha.rk21@gmail.com', 'anitha', 'Rk', 'Female', 'Summer', 'Casual', 'Jacket', 'Shorts', 'Dark'),
('neervbhatia96@gmail.com', 'Neerav', 'Bhatia', 'Male', 'Summer', 'Casual', 'Half Tshirt', 'Jeans', 'Fair'),
('japleenk997@gmail.com', 'Japleen ', 'Kaur', 'Female', 'Winter', 'Wedding', 'Kurta', 'Pant', 'Fair'),
('poojabhardwaj991@gmail.com', 'Pooja', 'Bhardwaj', 'Female', 'Summer', 'Casual', 'Half Tshirt', 'Pant', 'Fair'),
('nikunj10daddy@gmail.com', 'Nikunj', 'Garg', 'Male', 'Summer', 'Party', 'Coat', 'Jeans', 'Fair'),
('aniketh_sircar@yahoo.com', 'Aniketh', 'Sircar', 'Male', 'Summer', 'Casual', 'Kurta', 'Shorts', 'Wheatish'),
('juhijoshi2096@gmail.com', 'Juhi', 'Joshi', 'Female', 'Summer', 'Casual', 'Kurta', 'Jeans', 'Fair'),
('shreyas.satish.96@gmail.com', 'Shreyas', 'Satish', 'Male', 'Summer', 'Casual', 'Half Tshirt', 'Jeans', 'Wheatish'),
('supreet1990tomar@yahoo.com', 'Supreet', 'Tomar', 'Male', 'Summer', 'Casual', 'Full Shirt', 'Jeans', 'Wheatish'),
('harshitajain490@gmail.com', 'Harshita', 'Jain', 'Female', 'Summer', 'Casual', 'Half Tshirt', 'Shorts', 'Fair'),
('suryanshiadaniya@gmail.com', 'Suryanshi', 'Adaniya', 'Female', 'Summer', 'Casual', 'Full Tshirt', 'Jeans', 'Wheatish'),
('anchitbhatia96@gmail.com', 'Anchit', 'Bhatia', 'Male', 'Summer', 'Casual', 'Half Tshirt', 'Jeans', 'Wheatish'),
('prernamehta96@gmail.com', 'prerna', 'mehta', 'Female', 'Summer', 'Casual', 'Half Shirt', 'Shorts', 'Fair'),
('himanshusaini96@gmail.com', 'Himanshu ', 'Saini', 'Male', 'Summer', 'Party', 'Half Shirt', 'Jeans', 'Wheatish'),
('himanshu07bhandari@gmail.com', 'Himanshu', 'Bhandari', 'Male', 'Winter', 'Office', 'Full Shirt', 'Jeans', 'Fair'),
('madhur97bansal@gmail.com', 'Madhur', 'Bansal', 'Male', 'Summer', 'Casual', 'Half Tshirt', 'Jeans', 'Fair'),
('somya.sneh@gmail.com', 'Somya', 'Sneh', 'Female', 'Summer', 'Casual', 'Half Tshirt', 'Shorts', 'Wheatish'),
('kedia.mansi3898@gmail.com', 'Mansi', 'Kedia', 'Female', 'Summer', 'Party', 'Half Tshirt', 'Jeans', 'Wheatish'),
('kaushiki28mishra.05@gmail.com', 'Kaushiki', 'Mishra', 'Female', 'Summer', 'Office', 'Half Shirt', 'Pant', 'Dark'),
('soninagar08@gmail.com', 'Soni', 'Nagar', 'Female', 'Summer', 'Party', 'Kurta', 'Jeans', 'Fair'),
('soninagar08@gmail.com', 'Soni', 'Nagar', 'Female', 'Summer', 'Party', 'Kurta', 'Jeans', 'Fair'),
('dkdlfps@gmail.com', 'Dhairya ', 'Khera', 'Male', 'Summer', 'Casual', 'Half Tshirt', 'Jeans', 'Fair'),
('juhisingh181997@gmail.com', 'Juhi', 'Chaudhary', 'Female', 'Summer', 'Casual', 'Kurta', 'Shorts', 'Fair'),
('raghavmishra.1603@gmail.com', 'Raghav', 'M', 'Male', 'Summer', 'Casual', 'Full Shirt', 'Jeans', 'Wheatish'),
('anjali.tiwari.066@gmail.com', 'Anjali', 'Tiwari', 'Female', 'Summer', 'Casual', 'Kurta', 'Jeans', 'Fair'),
('seeulee96@gmail.com', 'Seeulee', 'Upadhyaya', 'Female', 'Summer', 'Casual', 'Half Shirt', 'Shorts', 'Wheatish'),
('saurabh.2961996@gmail.com', 'Saurabh', 'Chauhan', 'Male', 'Summer', 'Casual', 'Half Tshirt', 'Jeans', 'Fair');

-- --------------------------------------------------------

--
-- Table structure for table `user_input`
--

CREATE TABLE IF NOT EXISTS `user_input` (
  `user_id` varchar(100) NOT NULL,
  `gender` varchar(10) NOT NULL,
  `budget` varchar(10) NOT NULL,
  `season` varchar(20) NOT NULL,
  `occasion` varchar(20) NOT NULL,
  `body_type` varchar(50) NOT NULL,
  `hair` varchar(20) NOT NULL,
  `skin` varchar(20) NOT NULL,
  `input_id` int(11) NOT NULL AUTO_INCREMENT,
  `Top` varchar(100) NOT NULL,
  `Top_colour` varchar(100) NOT NULL,
  `Bottom` varchar(100) NOT NULL,
  `Bottom_colour` varchar(100) NOT NULL,
  UNIQUE KEY `input_id` (`input_id`)
) ENGINE=MyISAM  DEFAULT CHARSET=latin1 AUTO_INCREMENT=223 ;

--
-- Dumping data for table `user_input`
--

INSERT INTO `user_input` (`user_id`, `gender`, `budget`, `season`, `occasion`, `body_type`, `hair`, `skin`, `input_id`, `Top`, `Top_colour`, `Bottom`, `Bottom_colour`) VALUES
('satyam.mongia21@gmail.com', 'male', '$$', 'Summer', 'Casual', 'Inverted Triangle', 'Grey', 'Wheatish', 80, 'Full Shirt', 'Blue', 'Jeans', 'Blue'),
('satyam.mongia21@gmail.com', 'male', '$$', 'Summer', 'Casual', 'Inverted Triangle', 'Grey', 'Wheatish', 79, 'Full Shirt', 'Blue', 'Jeans', 'Blue'),
('satyam.mongia21@gmail.com', 'male', '$$', 'Summer', 'Casual', 'Inverted Triangle', 'Grey', 'Wheatish', 78, 'Full Shirt', 'Blue', 'Jeans', 'Blue'),
('satyam.mongia21@gmail.com', 'male', '$$', 'Summer', 'Casual', 'Inverted Triangle', 'Grey', 'Wheatish', 77, 'Full Shirt', 'Blue', 'Jeans', 'Blue'),
('satyam.mongia21@gmail.com', 'male', '$$', 'Summer', 'Party', 'Rectangle', 'Black', 'Wheatish', 72, 'Full Shirt', 'Black', 'Jeans', 'Black'),
('satyam.mongia21@gmail.com', 'male', '$$', 'Summer', 'Casual', 'Inverted Triangle', 'Grey', 'Wheatish', 76, 'Full Shirt', 'Blue', 'Jeans', 'Blue'),
('satyam.mongia21@gmail.com', 'male', '$$', 'Summer', 'Casual', 'Inverted Triangle', 'Grey', 'Wheatish', 75, 'Full Shirt', 'Blue', 'Jeans', 'Blue'),
('satyam.mongia21@gmail.com', 'male', '$$', 'Summer', 'Casual', 'Inverted Triangle', 'Grey', 'Wheatish', 74, 'Full Shirt', 'Blue', 'Jeans', 'Blue'),
('satyam.mongia21@gmail.com', 'male', '$$', 'Summer', 'Casual', 'Inverted Triangle', 'Grey', 'Wheatish', 73, 'Full Shirt', 'Blue', 'Jeans', 'Blue'),
('ayushman264@gmail.com', 'Male', '$$', 'Summer', 'Office', 'Inverted Triangle', 'Black', 'Wheatish', 67, 'Full Shirt', 'Blue', 'Pant', 'Black'),
('ayushman264@gmail.com', 'Male', '$$$', 'Winter', 'Casual', 'Inverted Triangle', 'Brown', 'Wheatish', 66, 'Full Shirt', 'Black', 'Jeans', 'Black'),
('ayushman264@gmail.com', 'Male', '$$', 'Winter', 'Casual', 'Rectangle', 'Brown', 'Wheatish', 62, 'Full Shirt', 'Black', 'Jeans', 'Blue'),
('sat@gmail.com', 'Male', '$$$', 'Winter', 'Office', 'Inverted Triangle', 'Brown', 'Wheatish', 61, 'Full Shirt', 'Black', 'Jeans', 'Black'),
('sat@gmail.com', 'Male', '$$', 'Summer', 'Casual', 'Inverted Triangle', 'Brown', 'Wheatish', 60, 'Half Tshirt', 'Black', 'Jeans', 'Black'),
('sat@gmail.com', 'Male', '?', 'Summer', 'Party', 'Oval', 'Black', 'Dark', 59, 'Coat', 'Black', 'Jeans', 'Grey'),
('sat@gmail.com', 'Male', '$$$', 'Summer', 'Casual', 'Rectangle', 'Black', 'Wheatish', 55, 'Half Tshirt', 'Black', 'Jeans', 'Blue'),
('sat@gmail.com', 'Male', '$$', 'Winter', 'Party', 'Rectangle', 'Brown', 'Wheatish', 56, 'Full Shirt', 'Black', 'Jeans', 'Black'),
('sat@gmail.com', 'Male', '$$', 'Winter', 'Party', 'Rectangle', 'Brown', 'Wheatish', 57, 'Full Shirt', 'Black', 'Jeans', 'Black'),
('sat@gmail.com', 'Male', '$$', 'Winter', 'Party', 'Rectangle', 'Brown', 'Wheatish', 58, 'Full Shirt', 'Black', 'Jeans', 'Black'),
('satyam.mongia21@gmail.com', 'male', '$$', 'Summer', 'Casual', 'Inverted Triangle', 'Grey', 'Wheatish', 81, 'Full Shirt', 'Blue', 'Jeans', 'Blue'),
('satyam.mongia21@gmail.com', 'male', '$$', 'Summer', 'Casual', 'Inverted Triangle', 'Grey', 'Wheatish', 82, 'Full Shirt', 'Blue', 'Jeans', 'Blue'),
('satyam.mongia21@gmail.com', 'male', '$$', 'Summer', 'Casual', 'Inverted Triangle', 'Black', 'Wheatish', 83, 'Half Tshirt', 'Black', 'Jeans', 'Black'),
('satyam.mongia21@gmail.com', 'male', '$', 'Summer', 'Wedding', 'Trapezoid', 'Brown', 'Wheatish', 84, 'Full Shirt', 'Black', 'Pant', 'Black'),
('satyam.mongia21@gmail.com', 'male', '$', 'Summer', 'Wedding', 'Trapezoid', 'Brown', 'Wheatish', 85, 'Full Shirt', 'Black', 'Pant', 'Black'),
('satyam.mongia21@gmail.com', 'male', '$', 'Summer', 'Office', 'Triangle', 'Brown', 'Wheatish', 86, 'Full Shirt', 'Black', 'Pant', 'Black'),
('satyam.mongia21@gmail.com', 'male', '$', 'Summer', 'Office', 'Triangle', 'Brown', 'Wheatish', 87, 'Full Shirt', 'Black', 'Pant', 'Black'),
('satyam.mongia21@gmail.com', 'male', '$', 'Summer', 'Office', 'Triangle', 'Brown', 'Wheatish', 88, 'Full Shirt', 'Black', 'Pant', 'Black'),
('satyam.mongia21@gmail.com', 'male', '', '', '', '', '', '', 89, 'Half Tshirt', 'Brown', 'Pyjama', 'Brown'),
('satyam.mongia21@gmail.com', 'male', '$', 'Summer', 'Casual', 'Inverted Triangle', 'Brown', 'Fair', 90, 'Full Shirt', 'Black', 'Jeans', 'Black'),
('satyam.mongia21@gmail.com', 'male', '$', 'Summer', 'Casual', 'Inverted Triangle', 'Brown', 'Fair', 91, 'Full Shirt', 'Black', 'Jeans', 'Black'),
('satyam.mongia21@gmail.com', 'male', '', '', '', '', '', '', 92, 'Half Tshirt', 'Brown', 'Pyjama', 'Brown'),
('satyam.mongia21@gmail.com', 'male', '', '', '', '', '', '', 93, 'Half Tshirt', 'Brown', 'Pyjama', 'Brown'),
('satyam.mongia21@gmail.com', 'male', '', '', '', '', '', '', 94, 'Half Tshirt', 'Brown', 'Pyjama', 'Brown'),
('satyam.mongia21@gmail.com', 'male', '', '', '', '', '', '', 95, 'Half Tshirt', 'Brown', 'Pyjama', 'Brown'),
('satyam.mongia21@gmail.com', 'male', '', '', '', '', '', '', 96, 'Half Tshirt', 'Brown', 'Pyjama', 'Brown'),
('satyam.mongia21@gmail.com', 'male', '', '', '', '', '', '', 97, 'Half Tshirt', 'Brown', 'Pyjama', 'Brown'),
('satyam.mongia21@gmail.com', 'male', '', '', '', '', '', '', 98, 'Half Tshirt', 'Brown', 'Pyjama', 'Brown'),
('satyam.mongia21@gmail.com', 'male', '', '', '', '', '', '', 99, 'Half Tshirt', 'Brown', 'Pyjama', 'Brown'),
('satyam.mongia21@gmail.com', 'male', '', '', '', '', '', '', 100, 'Half Tshirt', 'Brown', 'Pyjama', 'Brown'),
('satyam.mongia21@gmail.com', 'male', '$', 'Summer', 'Party', 'Rectangle', 'Brown', 'Wheatish', 101, 'Full Shirt', 'Black', 'Jeans', 'Black'),
('satyam.mongia21@gmail.com', 'male', '?', 'Winter', 'Casual', 'Triangle', 'Brown', 'Wheatish', 102, 'Half Shirt', 'Black', 'Jeans', 'Blue'),
('satyam.mongia21@gmail.com', 'male', '?', 'Winter', 'Casual', 'Triangle', 'Brown', 'Wheatish', 103, 'Half Shirt', 'Black', 'Jeans', 'Blue'),
('satyam.mongia21@gmail.com', 'male', '?', 'Winter', 'Casual', 'Triangle', 'Brown', 'Wheatish', 104, 'Half Shirt', 'Black', 'Jeans', 'Blue'),
('satyam.mongia21@gmail.com', 'male', '$$', 'Summer', 'Casual', 'Inverted Triangle', 'Brown', 'Wheatish', 105, 'Full Shirt', 'Black', 'Jeans', 'Black'),
('satyam.mongia21@gmail.com', 'male', '$$$', 'Summer', 'Casual', 'Rectangle', 'Brown', 'Wheatish', 106, 'Half Shirt', 'Black', 'Jeans', 'Blue'),
('satyam.mongia21@gmail.com', 'male', '$$$', 'Winter', 'Casual', 'Rectangle', 'Brown', 'Wheatish', 107, 'Half Shirt', 'Black', 'Jeans', 'Blue'),
('satyam.mongia21@gmail.com', 'male', '$$$', 'Winter', 'Casual', 'Rectangle', 'Brown', 'Wheatish', 108, 'Half Shirt', 'Black', 'Jeans', 'Blue'),
('satyam.mongia21@gmail.com', 'male', '$$$', 'Winter', 'Casual', 'Rectangle', 'Brown', 'Wheatish', 109, 'Half Shirt', 'Black', 'Jeans', 'Blue'),
('satyam.mongia21@gmail.com', 'male', '$$$', 'Winter', 'Casual', 'Rectangle', 'Brown', 'Wheatish', 110, 'Half Shirt', 'Black', 'Jeans', 'Blue'),
('satyam.mongia21@gmail.com', 'male', '$$$', 'Winter', 'Casual', 'Rectangle', 'Brown', 'Wheatish', 111, 'Half Shirt', 'Black', 'Jeans', 'Blue'),
('satyam.mongia21@gmail.com', 'male', '$$$', 'Winter', 'Casual', 'Rectangle', 'Brown', 'Wheatish', 112, 'Half Shirt', 'Black', 'Jeans', 'Blue'),
('satyam.mongia21@gmail.com', 'male', '$$$', 'Winter', 'Casual', 'Rectangle', 'Brown', 'Wheatish', 113, 'Half Shirt', 'Black', 'Jeans', 'Blue'),
('satyam.mongia21@gmail.com', 'male', '$$$', 'Winter', 'Casual', 'Rectangle', 'Brown', 'Wheatish', 114, 'Half Shirt', 'Black', 'Jeans', 'Blue'),
('satyam.mongia21@gmail.com', 'male', '$$$', 'Winter', 'Casual', 'Rectangle', 'Brown', 'Wheatish', 115, 'Half Shirt', 'Black', 'Jeans', 'Blue'),
('satyam.mongia21@gmail.com', 'male', '$$$', 'Winter', 'Casual', 'Rectangle', 'Brown', 'Wheatish', 116, 'Half Shirt', 'Black', 'Jeans', 'Blue'),
('ayushman264@gmail.com', 'male', '$$$', 'Winter', 'Office', 'Inverted Triangle', 'Black', 'Wheatish', 117, 'Full Shirt', 'Black', 'Jeans', 'Black'),
('ayushman264@gmail.com', 'male', '$$$', 'Winter', 'Office', 'Inverted Triangle', 'Black', 'Wheatish', 118, 'Full Shirt', 'Black', 'Jeans', 'Black'),
('ayushman264@gmail.com', 'male', '$$$', 'Winter', 'Office', 'Inverted Triangle', 'Black', 'Wheatish', 119, 'Full Shirt', 'Black', 'Jeans', 'Black'),
('ayushman264@gmail.com', 'male', '$$$', 'Winter', 'Office', 'Inverted Triangle', 'Black', 'Wheatish', 120, 'Full Shirt', 'Black', 'Jeans', 'Black'),
('ayushman264@gmail.com', 'male', '$$$', 'Winter', 'Office', 'Inverted Triangle', 'Black', 'Wheatish', 121, 'Full Shirt', 'Black', 'Jeans', 'Black'),
('ayushman264@gmail.com', 'male', '$$$', 'Winter', 'Office', 'Inverted Triangle', 'Black', 'Wheatish', 122, 'Full Shirt', 'Black', 'Jeans', 'Black'),
('ayushman264@gmail.com', 'male', '$$$', 'Winter', 'Office', 'Inverted Triangle', 'Black', 'Wheatish', 123, 'Full Shirt', 'Black', 'Jeans', 'Black'),
('ayushman264@gmail.com', 'male', '$$$', 'Winter', 'Office', 'Inverted Triangle', 'Black', 'Wheatish', 124, 'Full Shirt', 'Black', 'Jeans', 'Black'),
('ayushman264@gmail.com', 'male', '$$$', 'Winter', 'Office', 'Inverted Triangle', 'Black', 'Wheatish', 125, 'Full Shirt', 'Black', 'Jeans', 'Black'),
('ayushman264@gmail.com', 'male', '$$$', 'Winter', 'Office', 'Inverted Triangle', 'Black', 'Wheatish', 126, 'Full Shirt', 'Black', 'Jeans', 'Black'),
('ayushman264@gmail.com', 'male', '$$$', 'Winter', 'Office', 'Inverted Triangle', 'Black', 'Wheatish', 127, 'Full Shirt', 'Black', 'Jeans', 'Black'),
('ayushman264@gmail.com', 'male', '$$$', 'Winter', 'Office', 'Inverted Triangle', 'Black', 'Wheatish', 128, 'Full Shirt', 'Black', 'Jeans', 'Black'),
('ayushman264@gmail.com', 'male', '$$$', 'Winter', 'Office', 'Inverted Triangle', 'Black', 'Wheatish', 129, 'Full Shirt', 'Black', 'Jeans', 'Black'),
('ayushman264@gmail.com', 'male', '$$$', 'Winter', 'Office', 'Inverted Triangle', 'Black', 'Wheatish', 130, 'Full Shirt', 'Black', 'Jeans', 'Black'),
('ayushman264@gmail.com', 'male', '$$$', 'Winter', 'Office', 'Inverted Triangle', 'Black', 'Wheatish', 131, 'Full Shirt', 'Black', 'Jeans', 'Black'),
('ayushman264@gmail.com', 'male', '$$$', 'Winter', 'Office', 'Inverted Triangle', 'Black', 'Wheatish', 132, 'Full Shirt', 'Black', 'Jeans', 'Black'),
('ayushman264@gmail.com', 'male', '$$$', 'Winter', 'Office', 'Inverted Triangle', 'Black', 'Wheatish', 133, 'Full Shirt', 'Black', 'Jeans', 'Black'),
('ayushman264@gmail.com', 'male', '$', 'Winter', 'Casual', 'Inverted Triangle', 'Black', 'Fair', 134, 'Full Shirt', 'Black', 'Jeans', 'Black'),
('satyam.mongia21@gmail.com', 'male', '$$$', 'Summer', 'Party', 'Rectangle', 'Brown', 'Wheatish', 135, 'Half Shirt', 'Black', 'Jeans', 'Black'),
('ayushman264@gmail.com', 'male', '$$$', 'Winter', 'Party', 'Rectangle', 'Brown', 'Wheatish', 136, 'Half Shirt', 'Black', 'Jeans', 'Black'),
('ayushman264@gmail.com', 'male', '$$$', 'Winter', 'Party', 'Rectangle', 'Brown', 'Wheatish', 137, 'Half Shirt', 'Black', 'Jeans', 'Black'),
('ayushman264@gmail.com', 'male', '', '', '', '', '', '', 138, 'Full Tshirt', 'Brown', 'Pyjama', 'Brown'),
('ayushman264@gmail.com', 'male', '', '', '', '', '', '', 139, 'Full Tshirt', 'Brown', 'Pyjama', 'Brown'),
('ayushman264@gmail.com', 'male', '$$$', 'Winter', 'Casual', 'Oval', 'Black', 'Fair', 140, 'Full Shirt', 'Black', 'Jeans', 'Blue'),
('ayushman264@gmail.com', 'male', '$$$', 'Winter', 'Casual', 'Oval', 'Black', 'Fair', 141, 'Full Shirt', 'Black', 'Jeans', 'Blue'),
('ayushman264@gmail.com', 'male', '$$$', 'Winter', 'Casual', 'Oval', 'Black', 'Fair', 142, 'Full Shirt', 'Black', 'Jeans', 'Blue'),
('ayushman264@gmail.com', 'male', '$$$', 'Winter', 'Casual', 'Oval', 'Black', 'Fair', 143, 'Full Shirt', 'Black', 'Jeans', 'Blue'),
('ayushman264@gmail.com', 'male', '$$$', 'Winter', 'Casual', 'Oval', 'Black', 'Fair', 144, 'Full Shirt', 'Black', 'Jeans', 'Blue'),
('ayushman264@gmail.com', 'male', '$$$', 'Winter', 'Casual', 'Oval', 'Black', 'Fair', 145, 'Full Shirt', 'Black', 'Jeans', 'Blue'),
('ayushman264@gmail.com', 'male', '$$$', 'Winter', 'Casual', 'Oval', 'Black', 'Fair', 146, 'Full Shirt', 'Black', 'Jeans', 'Blue'),
('ayushman264@gmail.com', 'male', '$$$', 'Winter', 'Casual', 'Oval', 'Black', 'Fair', 147, 'Full Shirt', 'Black', 'Jeans', 'Blue'),
('ayushman264@gmail.com', 'male', '$$$', 'Summer', 'Casual', 'Inverted Triangle', 'Black', 'Wheatish', 148, 'Full Shirt', 'Black', 'Jeans', 'Black'),
('ayushman264@gmail.com', 'male', '$$', 'Winter', 'Casual', 'Inverted Triangle', 'Brown', 'Wheatish', 149, 'Full Shirt', 'Black', 'Jeans', 'Black'),
('ayushman264@gmail.com', 'male', '$$', 'Winter', 'Casual', 'Inverted Triangle', 'Brown', 'Wheatish', 150, 'Full Shirt', 'Black', 'Jeans', 'Black'),
('ayushman264@gmail.com', 'male', '$$', 'Winter', 'Casual', 'Inverted Triangle', 'Brown', 'Wheatish', 151, 'Full Shirt', 'Black', 'Jeans', 'Black'),
('ayushman264@gmail.com', 'male', '$$', 'Winter', 'Casual', 'Inverted Triangle', 'Brown', 'Wheatish', 152, '', 'Black', 'Jeans', 'Black'),
('ayushman264@gmail.com', 'male', '$$', 'Winter', 'Casual', 'Inverted Triangle', 'Brown', 'Wheatish', 153, '', 'Black', 'Jeans', 'Black'),
('ayushman264@gmail.com', 'male', '$$', 'Winter', 'Casual', 'Inverted Triangle', 'Brown', 'Wheatish', 154, '', 'Black', 'Jeans', 'Black'),
('ayushman264@gmail.com', 'male', '$$', 'Winter', 'Casual', 'Inverted Triangle', 'Brown', 'Wheatish', 155, '', 'Black', 'Jeans', 'Black'),
('ayushman264@gmail.com', 'male', '$$', 'Winter', 'Casual', 'Inverted Triangle', 'Brown', 'Wheatish', 156, '', 'Black', 'Jeans', 'Black'),
('ayushman264@gmail.com', 'male', '$$', 'Winter', 'Casual', 'Inverted Triangle', 'Brown', 'Wheatish', 157, '', 'Black', 'Jeans', 'Black'),
('ayushman264@gmail.com', 'male', '$$', 'Winter', 'Casual', 'Inverted Triangle', 'Brown', 'Wheatish', 158, '', 'Black', 'Jeans', 'Black'),
('ayushman264@gmail.com', 'male', '$$', 'Winter', 'Casual', 'Inverted Triangle', 'Brown', 'Wheatish', 159, '', 'Black', 'Jeans', 'Black'),
('ayushman264@gmail.com', 'male', '$$', 'Winter', 'Casual', 'Inverted Triangle', 'Brown', 'Wheatish', 160, '', 'Black', 'Jeans', 'Black'),
('ayushman264@gmail.com', 'male', '$$', 'Winter', 'Casual', 'Inverted Triangle', 'Brown', 'Wheatish', 161, '', 'Black', 'Jeans', 'Black'),
('ayushman264@gmail.com', 'male', '$$', 'Winter', 'Casual', 'Inverted Triangle', 'Brown', 'Wheatish', 162, '', 'Black', 'Jeans', 'Black'),
('ayushman264@gmail.com', 'male', '$$', 'Winter', 'Casual', 'Inverted Triangle', 'Brown', 'Wheatish', 163, '', 'Black', 'Jeans', 'Black'),
('ayushman264@gmail.com', 'male', '$$', 'Winter', 'Casual', 'Inverted Triangle', 'Brown', 'Wheatish', 164, '', 'Black', 'Jeans', 'Black'),
('ayushman264@gmail.com', 'male', '$$', 'Winter', 'Casual', 'Inverted Triangle', 'Brown', 'Wheatish', 165, '', 'Black', 'Jeans', 'Black'),
('ayushman264@gmail.com', 'male', '$$', 'Winter', 'Casual', 'Inverted Triangle', 'Brown', 'Wheatish', 166, '', 'Black', 'Jeans', 'Black'),
('ayushman264@gmail.com', 'male', '$$', 'Winter', 'Casual', 'Inverted Triangle', 'Brown', 'Wheatish', 167, '', 'Black', 'Jeans', 'Black'),
('ayushman264@gmail.com', 'male', '$$', 'Winter', 'Casual', 'Inverted Triangle', 'Brown', 'Wheatish', 168, '', 'Black', 'Jeans', 'Black'),
('ayushman264@gmail.com', 'male', '$$', 'Winter', 'Casual', 'Inverted Triangle', 'Brown', 'Wheatish', 169, '', 'Black', 'Jeans', 'Black'),
('ayushman264@gmail.com', 'male', '$$', 'Winter', 'Casual', 'Inverted Triangle', 'Brown', 'Wheatish', 170, '', 'Black', 'Jeans', 'Black'),
('ayushman264@gmail.com', 'male', '$$', 'Winter', 'Casual', 'Inverted Triangle', 'Brown', 'Wheatish', 171, '', 'Black', 'Jeans', 'Black'),
('ayushman264@gmail.com', 'male', '$$', 'Winter', 'Casual', 'Inverted Triangle', 'Brown', 'Wheatish', 172, '', 'Black', 'Jeans', 'Black'),
('ayushman264@gmail.com', 'male', '$$', 'Winter', 'Casual', 'Inverted Triangle', 'Brown', 'Wheatish', 173, '', 'Black', 'Jeans', 'Black'),
('ayushman264@gmail.com', 'male', '$$', 'Winter', 'Casual', 'Inverted Triangle', 'Brown', 'Wheatish', 174, '', 'Black', 'Jeans', 'Black'),
('ayushman264@gmail.com', 'male', '$$', 'Winter', 'Casual', 'Inverted Triangle', 'Brown', 'Wheatish', 175, '', 'Black', 'Jeans', 'Black'),
('ayushman264@gmail.com', 'male', '$$', 'Winter', 'Casual', 'Inverted Triangle', 'Brown', 'Wheatish', 176, '', 'Black', 'Jeans', 'Black'),
('ayushman264@gmail.com', 'male', '$$', 'Winter', 'Casual', 'Inverted Triangle', 'Brown', 'Wheatish', 177, '', 'Black', 'Jeans', 'Black'),
('ayushman264@gmail.com', 'male', '$$', 'Winter', 'Casual', 'Inverted Triangle', 'Brown', 'Wheatish', 178, '', 'Black', 'Jeans', 'Black'),
('ayushman264@gmail.com', 'male', '$$', 'Winter', 'Casual', 'Inverted Triangle', 'Brown', 'Wheatish', 179, '', 'Black', 'Jeans', 'Black'),
('ayushman264@gmail.com', 'male', '$$', 'Winter', 'Casual', 'Inverted Triangle', 'Brown', 'Wheatish', 180, '', 'Black', 'Jeans', 'Black'),
('ayushman264@gmail.com', 'male', '$$', 'Winter', 'Casual', 'Inverted Triangle', 'Brown', 'Wheatish', 181, '', 'Black', 'Jeans', 'Black'),
('ayushman264@gmail.com', 'male', '$$', 'Winter', 'Casual', 'Inverted Triangle', 'Brown', 'Wheatish', 182, '', 'Black', 'Jeans', 'Black'),
('ayushman264@gmail.com', 'male', '$$', 'Winter', 'Casual', 'Inverted Triangle', 'Brown', 'Wheatish', 183, '', 'Black', 'Jeans', 'Black'),
('ayushman264@gmail.com', 'male', '$$', 'Winter', 'Casual', 'Inverted Triangle', 'Brown', 'Wheatish', 184, '', 'Black', 'Jeans', 'Black'),
('ayushman264@gmail.com', 'male', '$$', 'Winter', 'Casual', 'Inverted Triangle', 'Brown', 'Wheatish', 185, '', 'Black', 'Jeans', 'Black'),
('ayushman264@gmail.com', 'male', '$$', 'Winter', 'Casual', 'Inverted Triangle', 'Brown', 'Wheatish', 186, '', 'Black', 'Jeans', 'Black'),
('ayushman264@gmail.com', 'male', '$$', 'Winter', 'Casual', 'Inverted Triangle', 'Brown', 'Wheatish', 187, '', 'Black', 'Jeans', 'Black'),
('ayushman264@gmail.com', 'male', '$$', 'Winter', 'Casual', 'Inverted Triangle', 'Brown', 'Wheatish', 188, '', 'Black', 'Jeans', 'Black'),
('ayushman264@gmail.com', 'male', '$$', 'Winter', 'Casual', 'Inverted Triangle', 'Brown', 'Wheatish', 189, '', 'Black', 'Jeans', 'Black'),
('ayushman264@gmail.com', 'male', '$$', 'Winter', 'Casual', 'Inverted Triangle', 'Brown', 'Wheatish', 190, '', 'Black', 'Jeans', 'Black'),
('ayushman264@gmail.com', 'male', '$$', 'Winter', 'Casual', 'Inverted Triangle', 'Brown', 'Wheatish', 191, '', 'Black', 'Jeans', 'Black'),
('ayushman264@gmail.com', 'male', '$$', 'Winter', 'Casual', 'Inverted Triangle', 'Brown', 'Wheatish', 192, '', 'Black', 'Jeans', 'Black'),
('ayushman264@gmail.com', 'male', '$$', 'Winter', 'Casual', 'Inverted Triangle', 'Brown', 'Wheatish', 193, '', 'Black', 'Jeans', 'Black'),
('ayushman264@gmail.com', 'male', '$$', 'Winter', 'Casual', 'Inverted Triangle', 'Brown', 'Wheatish', 194, '', 'Black', 'Jeans', 'Black'),
('ayushman264@gmail.com', 'male', '$$', 'Winter', 'Casual', 'Inverted Triangle', 'Brown', 'Wheatish', 195, '', 'Black', 'Jeans', 'Black'),
('ayushman264@gmail.com', 'male', '$$', 'Winter', 'Casual', 'Inverted Triangle', 'Brown', 'Wheatish', 196, '', 'Black', 'Jeans', 'Black'),
('ayushman264@gmail.com', 'male', '$$', 'Winter', 'Casual', 'Inverted Triangle', 'Brown', 'Wheatish', 197, '', 'Black', 'Jeans', 'Black'),
('ayushman264@gmail.com', 'male', '$$', 'Winter', 'Casual', 'Inverted Triangle', 'Brown', 'Wheatish', 198, '', 'Black', 'Jeans', 'Black'),
('ayushman264@gmail.com', 'male', '$$', 'Winter', 'Casual', 'Inverted Triangle', 'Brown', 'Wheatish', 199, '', 'Black', 'Jeans', 'Black'),
('ayushman264@gmail.com', 'male', '$$', 'Winter', 'Casual', 'Inverted Triangle', 'Brown', 'Wheatish', 200, '', 'Black', 'Jeans', 'Black'),
('ayushman264@gmail.com', 'male', '$$', 'Winter', 'Casual', 'Inverted Triangle', 'Brown', 'Wheatish', 201, '', 'Black', 'Jeans', 'Black'),
('ayushman264@gmail.com', 'male', '', '', '', '', '', '', 202, '', '', '', ''),
('ayushman264@gmail.com', 'male', '$$', 'Summer', 'Office', 'Trapezoid', 'Black', 'Wheatish', 203, 'Full Shirt', 'Black', 'Jeans', 'Black'),
('ayushman264@gmail.com', 'Male', '$$', 'Summer', 'Wedding', 'Inverted Triangle', 'Black', 'Wheatish', 204, 'Full Shirt', 'Black', 'Jeans', 'Black'),
('ayushman264@gmail.com', 'Male', '$$', 'Winter', 'Office', 'Inverted Triangle', 'Black', 'Wheatish', 205, 'Full Shirt', 'Black', 'Jeans', 'Black'),
('ayushman264@gmail.com', 'Male', '$$', 'Winter', 'Office', 'Inverted Triangle', 'Black', 'Wheatish', 206, 'Full Shirt', 'Black', 'Jeans', 'Black'),
('ayushman264@gmail.com', 'Male', '$$', 'Winter', 'Office', 'Inverted Triangle', 'Black', 'Wheatish', 207, 'Full Shirt', 'Black', 'Jeans', 'Black'),
('ayushman264@gmail.com', 'Male', '$$', 'Winter', 'Office', 'Inverted Triangle', 'Black', 'Wheatish', 208, 'Full Shirt', 'Black', 'Jeans', 'Black'),
('ayushman264@gmail.com', 'Male', '', '', '', '', '', '', 209, 'Full Tshirt', 'Brown', 'Pyjama', 'Brown'),
('ayushman264@gmail.com', 'Male', '$', 'Summer', 'Wedding', 'Trapezoid', 'Black', 'Wheatish', 210, 'Coat', 'Black', 'Pant', 'Black'),
('ayushman264@gmail.com', 'Male', '$', 'Summer', 'Wedding', 'Trapezoid', 'Black', 'Wheatish', 211, 'Coat', 'Black', 'Pant', 'Black'),
('ayushman264@gmail.com', 'Male', '', '', '', '', '', '', 212, 'Full Tshirt', 'Brown', 'Pyjama', 'Brown'),
('ayushman264@gmail.com', 'Male', '$', 'Summer', 'Wedding', 'Trapezoid', 'Black', 'Wheatish', 213, 'Coat', 'Black', 'Pant', 'Black'),
('ayushman264@gmail.com', 'Male', '', '', '', '', '', '', 214, 'Full Tshirt', 'Brown', 'Pyjama', 'Brown'),
('ayushman264@gmail.com', 'Male', '', '', '', '', '', '', 215, 'Full Tshirt', 'Brown', 'Pyjama', 'Brown'),
('ayushman264@gmail.com', 'Male', '$', 'Summer', 'Wedding', 'Trapezoid', 'Black', 'Wheatish', 216, 'Coat', 'Black', 'Pant', 'Black'),
('ayushman264@gmail.com', 'Male', '$ ', 'Summer ', 'Wedding ', 'Trapezoid ', 'Black ', 'Wheatish ', 217, 'Coat', 'Black', 'Pant', 'Black'),
('ayushman264@gmail.com', 'Male', '', '', '', '', '', '', 218, 'Full Tshirt', 'Brown', 'Pyjama', 'Brown'),
('ayushman264@gmail.com', 'Male', '$$', 'Winter', 'Office', 'Inverted Triangle', 'Black', 'Wheatish', 219, 'Full Shirt', 'Black', 'Jeans', 'Black'),
('ayushman264@gmail.com', 'Male', '$$ ', 'Winter ', 'Office ', 'Inverted Triangle ', 'Black ', 'Wheatish ', 220, '', '', '', ''),
('ayushman264@gmail.com', 'Male', '$$', 'Winter', 'Office', 'Inverted Triangle', 'Black', 'Wheatish', 221, 'Full Shirt', 'Black', 'Jeans', 'Black'),
('ayushman264@gmail.com', 'Male', '$$ ', 'Winter ', 'Office ', 'Inverted Triangle ', 'Black ', 'Wheatish ', 222, '', '', '', '');
